W,X,Y,Gain
3.84e-05,2.4e-06,1.12e-05,56.0535468372437
3.84e-05,2.4e-06,1.048889e-05,56.0146130966956
3.84e-05,2.4e-06,4.8e-06,55.8558009426965
3.84e-05,2.4e-06,5.511111e-06,55.9641715718725
3.84e-05,2.4e-06,6.222222e-06,56.0505519282543
3.84e-05,2.4e-06,6.933333e-06,56.121418609865
3.84e-05,2.4e-06,7.644444e-06,56.1809264676676
3.84e-05,2.4e-06,8.355556e-06,56.2318616402377
3.84e-05,2.4e-06,9.066667e-06,56.2761611943774
3.84e-05,2.4e-06,9.777778e-06,56.3152130584106
3.84e-05,2.755556e-06,1.12e-05,55.9111513147773
3.84e-05,2.755556e-06,1.048889e-05,55.8720011515223
3.84e-05,2.755556e-06,4.8e-06,55.7044539140493
3.84e-05,2.755556e-06,5.511111e-06,55.8143168836092
3.84e-05,2.755556e-06,6.222222e-06,55.9018611033525
3.84e-05,2.755556e-06,6.933333e-06,55.9736560999252
3.84e-05,2.755556e-06,7.644444e-06,56.0339181013993
3.84e-05,2.755556e-06,8.355556e-06,56.085475423803
3.84e-05,2.755556e-06,9.066667e-06,56.1302950589874
3.84e-05,2.755556e-06,9.777778e-06,56.1697867331602
3.84e-05,3.111111e-06,1.12e-05,55.784267232568
3.84e-05,3.111111e-06,1.048889e-05,55.7449265438124
3.84e-05,3.111111e-06,4.8e-06,55.5698119962406
3.84e-05,3.111111e-06,5.511111e-06,55.680969634557
3.84e-05,3.111111e-06,6.222222e-06,55.7695246993125
3.84e-05,3.111111e-06,6.933333e-06,55.8421267878696
3.84e-05,3.111111e-06,7.644444e-06,55.9030450565043
3.84e-05,3.111111e-06,8.355556e-06,55.9551442224748
3.84e-05,3.111111e-06,9.066667e-06,56.0004171256466
3.84e-05,3.111111e-06,9.777778e-06,56.0402923358448
3.84e-05,3.466667e-06,1.12e-05,55.6700890596861
3.84e-05,3.466667e-06,1.048889e-05,55.6305784816701
3.84e-05,3.466667e-06,4.8e-06,55.4488057979672
3.84e-05,3.466667e-06,5.511111e-06,55.5611045874699
3.84e-05,3.466667e-06,6.222222e-06,55.6505514572496
3.84e-05,3.466667e-06,6.933333e-06,55.7238661838226
3.84e-05,3.466667e-06,7.644444e-06,55.7853643453735
3.84e-05,3.466667e-06,8.355556e-06,55.8379426073367
3.84e-05,3.466667e-06,9.066667e-06,55.8836165110705
3.84e-05,3.466667e-06,9.777778e-06,55.923831187633
3.84e-05,3.822222e-06,1.12e-05,55.5664943098067
3.84e-05,3.822222e-06,1.048889e-05,55.5268306320515
3.84e-05,3.822222e-06,4.8e-06,55.3391255086841
3.84e-05,3.822222e-06,5.511111e-06,55.4524431256322
3.84e-05,3.822222e-06,6.222222e-06,55.5426868158452
3.84e-05,3.822222e-06,6.933333e-06,55.6166387156807
3.84e-05,3.822222e-06,7.644444e-06,55.6786556772126
3.84e-05,3.822222e-06,8.355556e-06,55.7316627876573
3.84e-05,3.822222e-06,9.066667e-06,55.7776957958101
3.84e-05,3.822222e-06,9.777778e-06,55.8182145830719
3.84e-05,4.177778e-06,1.12e-05,55.4718406343032
3.84e-05,4.177778e-06,1.048889e-05,55.4320377579806
3.84e-05,4.177778e-06,4.8e-06,55.2389914558404
3.84e-05,4.177778e-06,5.511111e-06,55.3532283543533
3.84e-05,4.177778e-06,6.222222e-06,55.444191476269
3.84e-05,4.177778e-06,6.933333e-06,55.5187189973584
3.84e-05,4.177778e-06,7.644444e-06,55.5812048791153
3.84e-05,4.177778e-06,8.355556e-06,55.6345997757478
3.84e-05,4.177778e-06,9.066667e-06,55.6809576228517
3.84e-05,4.177778e-06,9.777778e-06,55.7217515837972
3.84e-05,4.533333e-06,1.12e-05,55.3848325187285
3.84e-05,4.533333e-06,1.048889e-05,55.3449021262893
3.84e-05,4.533333e-06,4.8e-06,55.1470047263201
3.84e-05,4.533333e-06,5.511111e-06,55.2620784564352
3.84e-05,4.533333e-06,6.222222e-06,55.3536968473761
3.84e-05,4.533333e-06,6.933333e-06,55.4287489095587
3.84e-05,4.533333e-06,7.644444e-06,55.491662282576
3.84e-05,4.533333e-06,8.355556e-06,55.5454108336611
3.84e-05,4.533333e-06,9.066667e-06,55.5920650179412
3.84e-05,4.533333e-06,9.777778e-06,55.6331100684999
3.84e-05,4.888889e-06,1.12e-05,55.3044309459604
3.84e-05,4.888889e-06,1.048889e-05,55.2643829817092
3.84e-05,4.888889e-06,4.8e-06,55.0620466684749
3.84e-05,4.888889e-06,5.511111e-06,55.1778879127198
3.84e-05,4.888889e-06,6.222222e-06,55.2701075823915
3.84e-05,4.888889e-06,6.933333e-06,55.3456411692257
3.84e-05,4.888889e-06,7.644444e-06,55.4089471190192
3.84e-05,4.888889e-06,8.355556e-06,55.4630205407514
3.84e-05,4.888889e-06,9.066667e-06,55.5099470120637
3.84e-05,4.888889e-06,9.777778e-06,55.5512228193117
3.84e-05,5.6e-06,1.12e-05,55.1602124195012
3.84e-05,5.6e-06,1.048889e-05,55.1199528096229
3.84e-05,5.6e-06,4.8e-06,54.909746153612
3.84e-05,5.6e-06,5.511111e-06,55.0269535439187
3.84e-05,5.6e-06,6.222222e-06,55.120244103376
3.84e-05,5.6e-06,6.933333e-06,55.1966357405108
3.84e-05,5.6e-06,7.644444e-06,55.2606415518649
3.84e-05,5.6e-06,8.355556e-06,55.3152943482934
3.84e-05,5.6e-06,9.066667e-06,55.3627065614643
3.84e-05,5.6e-06,9.777778e-06,55.4043941152734
3.84e-05,5.244444e-06,1.12e-05,55.2297896173703
3.84e-05,5.244444e-06,1.048889e-05,55.1896318027592
3.84e-05,5.244444e-06,4.8e-06,54.9832093371451
3.84e-05,5.244444e-06,5.511111e-06,55.0997590676838
3.84e-05,5.244444e-06,6.222222e-06,55.1925340049207
3.84e-05,5.244444e-06,6.933333e-06,55.2685124314477
3.84e-05,5.244444e-06,7.644444e-06,55.3321811634215
3.84e-05,5.244444e-06,8.355556e-06,55.3865548787343
3.84e-05,5.244444e-06,9.066667e-06,55.4337330914304
3.84e-05,5.244444e-06,9.777778e-06,55.4752222775714
4.408889e-05,2.4e-06,1.12e-05,55.8193158497079
4.408889e-05,2.4e-06,1.048889e-05,55.7845016200339
4.408889e-05,2.4e-06,4.8e-06,55.7659973375341
4.408889e-05,2.4e-06,5.511111e-06,55.8650539195931
4.408889e-05,2.4e-06,6.222222e-06,55.9433493907189
4.408889e-05,2.4e-06,6.933333e-06,56.0070842739011
4.408889e-05,2.4e-06,7.644444e-06,56.0602198501368
4.408889e-05,2.4e-06,8.355556e-06,56.1054015114549
4.408889e-05,2.4e-06,9.066667e-06,56.144460908685
4.408889e-05,2.4e-06,9.777778e-06,56.1787050488987
4.408889e-05,2.755556e-06,1.12e-05,55.7166549323763
4.408889e-05,2.755556e-06,1.048889e-05,55.6814870433299
4.408889e-05,2.755556e-06,4.8e-06,55.6484260415504
4.408889e-05,2.755556e-06,5.511111e-06,55.7493348797757
4.408889e-05,2.755556e-06,6.222222e-06,55.8291082619241
4.408889e-05,2.755556e-06,6.933333e-06,55.8940494978237
4.408889e-05,2.755556e-06,7.644444e-06,55.94818828971
4.408889e-05,2.755556e-06,8.355556e-06,55.9942174035144
4.408889e-05,2.755556e-06,9.066667e-06,56.0340023516995
4.408889e-05,2.755556e-06,9.777778e-06,56.0688749889215
4.408889e-05,3.111111e-06,1.12e-05,55.6230754958022
4.408889e-05,3.111111e-06,1.048889e-05,55.5876021897408
4.408889e-05,3.111111e-06,4.8e-06,55.5422035219262
4.408889e-05,3.111111e-06,5.511111e-06,55.6447024935376
4.408889e-05,3.111111e-06,6.222222e-06,55.7257445670026
4.408889e-05,3.111111e-06,6.933333e-06,55.7917212124981
4.408889e-05,3.111111e-06,7.644444e-06,55.8467208383379
4.408889e-05,3.111111e-06,8.355556e-06,55.8934768727911
4.408889e-05,3.111111e-06,9.066667e-06,55.9338839037328
4.408889e-05,3.111111e-06,9.777778e-06,55.9692951294203
4.408889e-05,3.466667e-06,1.12e-05,55.5372987077069
4.408889e-05,3.466667e-06,1.048889e-05,55.5015575382143
4.408889e-05,3.466667e-06,4.8e-06,55.4455033956524
4.408889e-05,3.466667e-06,5.511111e-06,55.5493914115733
4.408889e-05,3.466667e-06,6.222222e-06,55.6315416530114
4.408889e-05,3.466667e-06,6.933333e-06,55.698422551768
4.408889e-05,3.466667e-06,7.644444e-06,55.7541737808537
4.408889e-05,3.466667e-06,8.355556e-06,55.8015642875185
4.408889e-05,3.466667e-06,9.066667e-06,55.842514065362
4.408889e-05,3.466667e-06,9.777778e-06,55.8783949684597
4.408889e-05,3.822222e-06,1.12e-05,55.4582715149643
4.408889e-05,3.822222e-06,1.048889e-05,55.4222924466118
4.408889e-05,3.822222e-06,4.8e-06,55.3568960856032
4.408889e-05,3.822222e-06,5.511111e-06,55.4620145543902
4.408889e-05,3.822222e-06,6.222222e-06,55.5451463519711
4.408889e-05,3.822222e-06,6.933333e-06,55.6128280548864
4.408889e-05,3.822222e-06,7.644444e-06,55.6692447397094
4.408889e-05,3.822222e-06,8.355556e-06,55.7171968201017
4.408889e-05,3.822222e-06,9.066667e-06,55.7586268026965
4.408889e-05,3.822222e-06,9.777778e-06,55.7949230776758
4.408889e-05,4.177778e-06,1.12e-05,55.3851244922007
4.408889e-05,4.177778e-06,1.048889e-05,55.3489319243682
4.408889e-05,4.177778e-06,4.8e-06,55.2752432623605
4.408889e-05,4.177778e-06,5.511111e-06,55.381464258182
4.408889e-05,4.177778e-06,6.222222e-06,55.4654754734838
4.408889e-05,4.177778e-06,6.933333e-06,55.5338745279145
4.408889e-05,4.177778e-06,7.644444e-06,55.5908871790291
4.408889e-05,4.177778e-06,8.355556e-06,55.6393420404753
4.408889e-05,4.177778e-06,9.066667e-06,55.6812017995168
4.408889e-05,4.177778e-06,9.777778e-06,55.7178696725967
4.408889e-05,4.533333e-06,1.12e-05,55.3171356644385
4.408889e-05,4.533333e-06,1.048889e-05,55.2807498050023
4.408889e-05,4.533333e-06,4.8e-06,55.1996248852225
4.408889e-05,4.533333e-06,5.511111e-06,55.3068432688247
4.408889e-05,4.533333e-06,6.222222e-06,55.3916499513536
4.408889e-05,4.533333e-06,6.933333e-06,55.460697765895
4.408889e-05,4.533333e-06,7.644444e-06,55.518249273444
4.408889e-05,4.533333e-06,8.355556e-06,55.5671586046695
4.408889e-05,4.533333e-06,9.066667e-06,55.6094067110811
4.408889e-05,4.533333e-06,9.777778e-06,55.6464102302146
4.408889e-05,4.888889e-06,1.12e-05,55.2537012736181
4.408889e-05,4.888889e-06,1.048889e-05,55.2171391018546
4.408889e-05,4.888889e-06,4.8e-06,55.1292875126261
4.408889e-05,4.888889e-06,5.511111e-06,55.2374154977371
4.408889e-05,4.888889e-06,6.222222e-06,55.3229475494129
4.408889e-05,4.888889e-06,6.933333e-06,55.3925868519956
4.408889e-05,4.888889e-06,7.644444e-06,55.4506295348192
4.408889e-05,4.888889e-06,8.355556e-06,55.4999530065867
4.408889e-05,4.888889e-06,9.066667e-06,55.5425548833691
4.408889e-05,4.888889e-06,9.777778e-06,55.579864050433
4.408889e-05,5.6e-06,1.12e-05,55.138538239704
4.408889e-05,5.6e-06,1.048889e-05,55.1016647526151
4.408889e-05,5.6e-06,4.8e-06,55.0020604579675
4.408889e-05,5.6e-06,5.511111e-06,55.1117954496969
4.408889e-05,5.6e-06,6.222222e-06,55.1986087925773
4.408889e-05,5.6e-06,6.933333e-06,55.269292633867
4.408889e-05,5.6e-06,7.644444e-06,55.3282024262431
4.408889e-05,5.6e-06,8.355556e-06,55.378256725308
4.408889e-05,5.6e-06,9.066667e-06,55.4214826102778
4.408889e-05,5.6e-06,9.777778e-06,55.4593306251697
4.408889e-05,5.244444e-06,1.12e-05,55.1943126808656
4.408889e-05,5.244444e-06,1.048889e-05,55.1575886410778
4.408889e-05,5.244444e-06,4.8e-06,55.0636069041098
4.408889e-05,5.244444e-06,5.511111e-06,55.1725701978854
4.408889e-05,5.244444e-06,6.222222e-06,55.2587682933303
4.408889e-05,5.244444e-06,6.933333e-06,55.328950614891
4.408889e-05,5.244444e-06,7.644444e-06,55.3874441242306
4.408889e-05,5.244444e-06,8.355556e-06,55.4371476140623
4.408889e-05,5.244444e-06,9.066667e-06,55.4800740114882
4.408889e-05,5.244444e-06,9.777778e-06,55.5176634563257
4.977778e-05,2.4e-06,1.12e-05,55.000966790636
4.977778e-05,2.4e-06,1.048889e-05,54.9717805149231
4.977778e-05,2.4e-06,4.8e-06,55.1388924199527
4.977778e-05,2.4e-06,5.511111e-06,55.2262320527173
4.977778e-05,2.4e-06,6.222222e-06,55.2942873378089
4.977778e-05,2.4e-06,6.933333e-06,55.3489360863252
4.977778e-05,2.4e-06,7.644444e-06,55.3939114292206
4.977778e-05,2.4e-06,8.355556e-06,55.4316916724167
4.977778e-05,2.4e-06,9.066667e-06,55.4639825281828
4.977778e-05,2.4e-06,9.777778e-06,55.4919937808015
4.977778e-05,2.755556e-06,1.12e-05,54.9689254246645
4.977778e-05,2.755556e-06,1.048889e-05,54.9391312841293
4.977778e-05,2.755556e-06,4.8e-06,55.081395093396
4.977778e-05,2.755556e-06,5.511111e-06,55.1712165017995
4.977778e-05,2.755556e-06,6.222222e-06,55.2413002287479
4.977778e-05,2.755556e-06,6.933333e-06,55.2976437627864
4.977778e-05,2.755556e-06,7.644444e-06,55.3440607244347
4.977778e-05,2.755556e-06,8.355556e-06,55.3830857013468
4.977778e-05,2.755556e-06,9.066667e-06,55.4164650216826
4.977778e-05,2.755556e-06,9.777778e-06,55.4454385555817
4.977778e-05,3.111111e-06,1.12e-05,54.9341813780028
4.977778e-05,3.111111e-06,1.048889e-05,54.9038688872675
4.977778e-05,3.111111e-06,4.8e-06,55.0253510278503
4.977778e-05,3.111111e-06,5.511111e-06,55.1172795668715
4.977778e-05,3.111111e-06,6.222222e-06,55.1890842071876
4.977778e-05,3.111111e-06,6.933333e-06,55.246864457526
4.977778e-05,3.111111e-06,7.644444e-06,55.2945025421203
4.977778e-05,3.111111e-06,8.355556e-06,55.3345810140498
4.977778e-05,3.111111e-06,9.066667e-06,55.3688808131211
4.977778e-05,3.111111e-06,9.777778e-06,55.3986674460993
4.977778e-05,3.466667e-06,1.12e-05,54.8983060495889
4.977778e-05,3.466667e-06,1.048889e-05,54.8675441485236
4.977778e-05,3.466667e-06,4.8e-06,54.9712964897777
4.977778e-05,3.466667e-06,5.511111e-06,55.0650474423409
4.977778e-05,3.466667e-06,6.222222e-06,55.1383394015072
4.977778e-05,3.466667e-06,6.933333e-06,55.1973604427999
4.977778e-05,3.466667e-06,7.644444e-06,55.2460523394977
4.977778e-05,3.466667e-06,8.355556e-06,55.2870392748752
4.977778e-05,3.466667e-06,9.066667e-06,55.3221322264749
4.977778e-05,3.466667e-06,9.777778e-06,55.3526189484178
4.977778e-05,3.822222e-06,1.12e-05,54.8622311079216
4.977778e-05,3.822222e-06,1.048889e-05,54.8310742898058
4.977778e-05,3.822222e-06,4.8e-06,54.9194571040243
4.977778e-05,3.822222e-06,5.511111e-06,55.0148078376344
4.977778e-05,3.822222e-06,6.222222e-06,55.0894045402233
4.977778e-05,3.822222e-06,6.933333e-06,55.1495133100767
4.977778e-05,3.822222e-06,7.644444e-06,55.1991283734692
4.977778e-05,3.822222e-06,8.355556e-06,55.2409105794316
4.977778e-05,3.822222e-06,9.066667e-06,55.2766973590008
4.977778e-05,3.822222e-06,9.777778e-06,55.307796057579
4.977778e-05,4.177778e-06,1.12e-05,54.8265141817743
4.977778e-05,4.177778e-06,1.048889e-05,54.7950064417073
4.977778e-05,4.177778e-06,4.8e-06,54.8698900431205
4.977778e-05,4.177778e-06,5.511111e-06,54.9666623853478
4.977778e-05,4.177778e-06,6.222222e-06,55.0424177779973
4.977778e-05,4.177778e-06,6.933333e-06,55.1034918854524
4.977778e-05,4.177778e-06,7.644444e-06,55.1539256961238
4.977778e-05,4.177778e-06,8.355556e-06,55.1964127436755
4.977778e-05,4.177778e-06,9.066667e-06,55.2328140383718
4.977778e-05,4.177778e-06,9.777778e-06,55.2644543868596
4.977778e-05,4.533333e-06,1.12e-05,54.7914873454182
4.977778e-05,4.533333e-06,1.048889e-05,54.7596648332757
4.977778e-05,4.533333e-06,4.8e-06,54.8225613755141
4.977778e-05,4.533333e-06,5.511111e-06,54.9206099619964
4.977778e-05,4.533333e-06,6.222222e-06,54.9974049330469
4.977778e-05,4.533333e-06,6.933333e-06,55.05934460503
4.977778e-05,4.533333e-06,7.644444e-06,55.110512076404
4.977778e-05,4.533333e-06,8.355556e-06,55.1536303109823
4.977778e-05,4.533333e-06,9.066667e-06,55.1905815486557
4.977778e-05,4.533333e-06,9.777778e-06,55.2227063162601
4.977778e-05,4.888889e-06,1.12e-05,54.7573433953497
4.977778e-05,4.888889e-06,1.048889e-05,54.7252362601825
4.977778e-05,4.888889e-06,4.8e-06,54.7773891721586
4.977778e-05,4.888889e-06,5.511111e-06,54.8765934625061
4.977778e-05,4.888889e-06,6.222222e-06,54.9543292791993
4.977778e-05,4.888889e-06,6.933333e-06,55.0170518457803
4.977778e-05,4.888889e-06,7.644444e-06,55.0688825055017
4.977778e-05,4.888889e-06,8.355556e-06,55.1125709484921
4.977778e-05,4.888889e-06,9.066667e-06,55.1500186922845
4.977778e-05,4.888889e-06,9.777778e-06,55.182580537425
4.977778e-05,5.6e-06,1.12e-05,54.6920697384918
4.977778e-05,5.6e-06,1.048889e-05,54.6594660452015
4.977778e-05,5.6e-06,4.8e-06,54.6930825695912
4.977778e-05,5.6e-06,5.511111e-06,54.7943093067356
4.977778e-05,5.6e-06,6.222222e-06,54.8736902459015
4.977778e-05,5.6e-06,6.933333e-06,54.9377806183618
4.977778e-05,5.6e-06,7.644444e-06,54.9907689684683
4.977778e-05,5.6e-06,8.355556e-06,55.035451941916
4.977778e-05,5.6e-06,9.066667e-06,55.0737649212023
4.977778e-05,5.6e-06,9.777778e-06,55.1070877785771
4.977778e-05,5.244444e-06,1.12e-05,54.7241876251059
4.977778e-05,5.244444e-06,1.048889e-05,54.6918213344707
4.977778e-05,5.244444e-06,4.8e-06,54.7342679373163
4.977778e-05,5.244444e-06,5.511111e-06,54.8345265772426
4.977778e-05,5.244444e-06,6.222222e-06,54.9131202530153
4.977778e-05,5.244444e-06,6.933333e-06,54.9765562553894
4.977778e-05,5.244444e-06,7.644444e-06,55.0289909162343
4.977778e-05,5.244444e-06,8.355556e-06,55.0731983743362
4.977778e-05,5.244444e-06,9.066667e-06,55.1110977806376
4.977778e-05,5.244444e-06,9.777778e-06,55.1440569908635
5.546667e-05,2.4e-06,1.12e-05,53.4609304679219
5.546667e-05,2.4e-06,1.048889e-05,53.4406713189361
5.546667e-05,2.4e-06,4.8e-06,53.8974212901259
5.546667e-05,2.4e-06,5.511111e-06,53.966685015711
5.546667e-05,2.4e-06,6.222222e-06,54.0189154762636
5.546667e-05,2.4e-06,6.933333e-06,54.0595021228874
5.546667e-05,2.4e-06,7.644444e-06,54.0918320526069
5.546667e-05,2.4e-06,8.355556e-06,54.1181296670842
5.546667e-05,2.4e-06,9.066667e-06,54.1399089832224
5.546667e-05,2.4e-06,9.777778e-06,54.1582315816309
5.546667e-05,2.755556e-06,1.12e-05,53.5466143509542
5.546667e-05,2.755556e-06,1.048889e-05,53.5252708093782
5.546667e-05,2.755556e-06,4.8e-06,53.939441012134
5.546667e-05,2.755556e-06,5.511111e-06,54.0122722874643
5.546667e-05,2.755556e-06,6.222222e-06,54.0674810930476
5.546667e-05,2.755556e-06,6.933333e-06,54.1106057293826
5.546667e-05,2.755556e-06,7.644444e-06,54.1451345840215
5.546667e-05,2.755556e-06,8.355556e-06,54.1733636705708
5.546667e-05,2.755556e-06,9.066667e-06,54.1968592322653
5.546667e-05,2.755556e-06,9.777778e-06,54.2167219319168
5.546667e-05,3.111111e-06,1.12e-05,53.6094454072083
5.546667e-05,3.111111e-06,1.048889e-05,53.5871939069615
5.546667e-05,3.111111e-06,4.8e-06,53.9661028260043
5.546667e-05,3.111111e-06,5.511111e-06,54.041933041006
5.546667e-05,3.111111e-06,6.222222e-06,54.0996426360426
5.546667e-05,3.111111e-06,6.933333e-06,54.1448960151001
5.546667e-05,3.111111e-06,7.644444e-06,54.1812673273344
5.546667e-05,3.111111e-06,8.355556e-06,54.2111131889008
5.546667e-05,3.111111e-06,9.066667e-06,54.2360440206418
5.546667e-05,3.111111e-06,9.777778e-06,54.2571935311523
5.546667e-05,3.466667e-06,1.12e-05,53.6559844394578
5.546667e-05,3.466667e-06,1.048889e-05,53.632956357651
5.546667e-05,3.466667e-06,4.8e-06,53.9820177098827
5.546667e-05,3.466667e-06,5.511111e-06,54.0604193462953
5.546667e-05,3.466667e-06,6.222222e-06,54.1202711305551
5.546667e-05,3.466667e-06,6.933333e-06,54.1673463130985
5.546667e-05,3.466667e-06,7.644444e-06,54.2052930318447
5.546667e-05,3.466667e-06,8.355556e-06,54.2365201638287
5.546667e-05,3.466667e-06,9.066667e-06,54.2626762122408
5.546667e-05,3.466667e-06,9.777778e-06,54.284923362347
5.546667e-05,3.822222e-06,1.12e-05,53.6905931078354
5.546667e-05,3.822222e-06,1.048889e-05,53.6668898240301
5.546667e-05,3.822222e-06,4.8e-06,53.9902487208777
5.546667e-05,3.822222e-06,5.511111e-06,54.0708901933612
5.546667e-05,3.822222e-06,6.222222e-06,54.1326063018619
5.546667e-05,3.822222e-06,6.933333e-06,54.1812656679797
5.546667e-05,3.822222e-06,7.644444e-06,54.2205812303262
5.546667e-05,3.822222e-06,8.355556e-06,54.2530076197229
5.546667e-05,3.822222e-06,9.066667e-06,54.2802266687529
5.546667e-05,3.822222e-06,9.777778e-06,54.3034254775531
5.546667e-05,4.177778e-06,1.12e-05,53.7162744864181
5.546667e-05,4.177778e-06,1.048889e-05,53.6919764189458
5.546667e-05,4.177778e-06,4.8e-06,53.9928935961195
5.546667e-05,4.177778e-06,5.511111e-06,54.0755112813904
5.546667e-05,4.177778e-06,6.222222e-06,54.1388709692839
5.546667e-05,4.177778e-06,6.933333e-06,54.1889258817832
5.546667e-05,4.177778e-06,7.644444e-06,54.2294464173305
5.546667e-05,4.177778e-06,8.355556e-06,54.2629277635912
5.546667e-05,4.177778e-06,9.066667e-06,54.2910812877155
5.546667e-05,4.177778e-06,9.777778e-06,54.3151161616075
5.546667e-05,4.533333e-06,1.12e-05,53.735156401585
5.546667e-05,4.533333e-06,1.048889e-05,53.7103287555229
5.546667e-05,4.533333e-06,4.8e-06,53.9914257889502
5.546667e-05,4.533333e-06,5.511111e-06,54.0758058154225
5.546667e-05,4.533333e-06,6.222222e-06,54.1406301114537
5.546667e-05,4.533333e-06,6.933333e-06,54.1919277221157
5.546667e-05,4.533333e-06,7.644444e-06,54.23352052606
5.546667e-05,4.533333e-06,8.355556e-06,54.2679400356285
5.546667e-05,4.533333e-06,9.066667e-06,54.2969240629934
5.546667e-05,4.533333e-06,9.777778e-06,54.3217015378031
5.546667e-05,4.888889e-06,1.12e-05,53.7487830212841
5.546667e-05,4.888889e-06,1.048889e-05,53.7234796192785
5.546667e-05,4.888889e-06,4.8e-06,53.9869024664688
5.546667e-05,4.888889e-06,5.511111e-06,54.0728683743164
5.546667e-05,4.888889e-06,6.222222e-06,54.1390096953667
5.546667e-05,4.888889e-06,6.933333e-06,54.1914240280672
5.546667e-05,4.888889e-06,7.644444e-06,54.233979780093
5.546667e-05,4.888889e-06,8.355556e-06,54.2692412851965
5.546667e-05,4.888889e-06,9.066667e-06,54.298970243729
5.546667e-05,4.888889e-06,9.777778e-06,54.3244134283496
5.546667e-05,5.6e-06,1.12e-05,53.7645626501662
5.546667e-05,5.6e-06,1.048889e-05,53.738436175674
5.546667e-05,5.6e-06,4.8e-06,53.9715787926823
5.546667e-05,5.6e-06,5.511111e-06,54.060295943506
5.546667e-05,5.6e-06,6.222222e-06,54.1287198319385
5.546667e-05,5.6e-06,6.933333e-06,54.1830677623898
5.546667e-05,5.6e-06,7.644444e-06,54.2272893538911
5.546667e-05,5.6e-06,8.355556e-06,54.2640062033541
5.546667e-05,5.6e-06,9.066667e-06,54.2950216731581
5.546667e-05,5.6e-06,9.777778e-06,54.3216136440654
5.546667e-05,5.244444e-06,1.12e-05,53.7582978790523
5.546667e-05,5.244444e-06,1.048889e-05,53.7325638131311
5.546667e-05,5.244444e-06,4.8e-06,53.9800958693773
5.546667e-05,5.244444e-06,5.511111e-06,54.0674999688333
5.546667e-05,5.244444e-06,6.222222e-06,54.1348348548227
5.546667e-05,5.244444e-06,6.933333e-06,54.1882605736381
5.546667e-05,5.244444e-06,7.644444e-06,54.2316879049274
5.546667e-05,5.244444e-06,8.355556e-06,54.2677110631926
5.546667e-05,5.244444e-06,9.066667e-06,54.2981134912108
5.546667e-05,5.244444e-06,9.777778e-06,54.3241581979202
6.115556e-05,2.4e-06,1.12e-05,50.8079769125762
6.115556e-05,2.4e-06,1.048889e-05,50.8054854829775
6.115556e-05,2.4e-06,4.8e-06,51.7917181651836
6.115556e-05,2.4e-06,5.511111e-06,51.829825305045
6.115556e-05,2.4e-06,6.222222e-06,51.8545928737066
6.115556e-05,2.4e-06,6.933333e-06,51.8706248937529
6.115556e-05,2.4e-06,7.644444e-06,51.8807493514599
6.115556e-05,2.4e-06,8.355556e-06,51.8867786375485
6.115556e-05,2.4e-06,9.066667e-06,51.8899144612952
6.115556e-05,2.4e-06,9.777778e-06,51.8909760472962
6.115556e-05,2.755556e-06,1.12e-05,51.1197870280809
6.115556e-05,2.755556e-06,1.048889e-05,51.1143749878546
6.115556e-05,2.755556e-06,4.8e-06,52.0046815454577
6.115556e-05,2.755556e-06,5.511111e-06,52.049166356585
6.115556e-05,2.755556e-06,6.222222e-06,52.079421920429
6.115556e-05,2.755556e-06,6.933333e-06,52.1002610267808
6.115556e-05,2.755556e-06,7.644444e-06,52.1146564155367
6.115556e-05,2.755556e-06,8.355556e-06,52.1245246313486
6.115556e-05,2.755556e-06,9.066667e-06,52.131144619179
6.115556e-05,2.755556e-06,9.777778e-06,52.1353943305555
6.115556e-05,3.111111e-06,1.12e-05,51.3620570640462
6.115556e-05,3.111111e-06,1.048889e-05,51.3543749239733
6.115556e-05,3.111111e-06,4.8e-06,52.170002660838
6.115556e-05,3.111111e-06,5.511111e-06,52.2195853238861
6.115556e-05,3.111111e-06,6.222222e-06,52.2542121771561
6.115556e-05,3.111111e-06,6.933333e-06,52.2788683144049
6.115556e-05,3.111111e-06,7.644444e-06,52.296645611965
6.115556e-05,3.111111e-06,8.355556e-06,52.3095461174281
6.115556e-05,3.111111e-06,9.066667e-06,52.3189120309938
6.115556e-05,3.111111e-06,9.777778e-06,52.3256692945553
6.115556e-05,3.466667e-06,1.12e-05,51.5551937136386
6.115556e-05,3.466667e-06,1.048889e-05,51.5456938838787
6.115556e-05,3.466667e-06,4.8e-06,52.301222233618
6.115556e-05,3.466667e-06,5.511111e-06,52.3550106094202
6.115556e-05,3.466667e-06,6.222222e-06,52.3932328021153
6.115556e-05,3.466667e-06,6.933333e-06,52.4210198430969
6.115556e-05,3.466667e-06,7.644444e-06,52.4415643006018
6.115556e-05,3.466667e-06,8.355556e-06,52.4569403470698
6.115556e-05,3.466667e-06,9.066667e-06,52.4685434443804
6.115556e-05,3.466667e-06,9.777778e-06,52.4773398742839
6.115556e-05,3.822222e-06,1.12e-05,51.7123638831487
6.115556e-05,3.822222e-06,1.048889e-05,51.7013702362484
6.115556e-05,3.822222e-06,4.8e-06,52.4072096625556
6.115556e-05,3.822222e-06,5.511111e-06,52.4645537254893
6.115556e-05,3.822222e-06,6.222222e-06,52.5058077316128
6.115556e-05,3.822222e-06,6.933333e-06,52.5362287729627
6.115556e-05,3.822222e-06,7.644444e-06,52.5590962521151
6.115556e-05,3.822222e-06,8.355556e-06,52.5765464464216
6.115556e-05,3.822222e-06,9.066667e-06,52.5900206154929
6.115556e-05,3.822222e-06,9.777778e-06,52.6005196817376
6.115556e-05,4.177778e-06,1.12e-05,51.8424219115046
6.115556e-05,4.177778e-06,1.048889e-05,51.8301732278828
6.115556e-05,4.177778e-06,4.8e-06,52.4940241888249
6.115556e-05,4.177778e-06,5.511111e-06,52.5544327527177
6.115556e-05,4.177778e-06,6.222222e-06,52.5982940533523
6.115556e-05,4.177778e-06,6.933333e-06,52.6309757653832
6.115556e-05,4.177778e-06,7.644444e-06,52.6558333643584
6.115556e-05,4.177778e-06,8.355556e-06,52.6750574706945
6.115556e-05,4.177778e-06,9.066667e-06,52.6901293730485
6.115556e-05,4.177778e-06,9.777778e-06,52.7020802390044
6.115556e-05,4.533333e-06,1.12e-05,51.9515381099967
6.115556e-05,4.533333e-06,1.048889e-05,51.9382153434492
6.115556e-05,4.533333e-06,4.8e-06,52.5659497221545
6.115556e-05,4.533333e-06,5.511111e-06,52.6290403635383
6.115556e-05,4.533333e-06,6.222222e-06,52.6751793546375
6.115556e-05,4.533333e-06,6.933333e-06,52.7098325863206
6.115556e-05,4.533333e-06,7.644444e-06,52.7364230283248
6.115556e-05,4.533333e-06,8.355556e-06,52.7571894686492
6.115556e-05,4.533333e-06,9.066667e-06,52.773648643779
6.115556e-05,4.533333e-06,9.777778e-06,52.7868584819722
6.115556e-05,4.888889e-06,1.12e-05,52.0441451496028
6.115556e-05,4.888889e-06,1.048889e-05,52.0298888683292
6.115556e-05,4.888889e-06,4.8e-06,52.6261020124446
6.115556e-05,4.888889e-06,5.511111e-06,52.6915695605639
6.115556e-05,4.888889e-06,6.222222e-06,52.739723863797
6.115556e-05,4.888889e-06,6.933333e-06,52.7761189417863
6.115556e-05,4.888889e-06,7.644444e-06,52.8042382727758
6.115556e-05,4.888889e-06,8.355556e-06,52.8263637918704
6.115556e-05,4.888889e-06,9.066667e-06,52.8440439645808
6.115556e-05,4.888889e-06,9.777778e-06,52.8583606551986
6.115556e-05,5.6e-06,1.12e-05,52.1920994984451
6.115556e-05,5.6e-06,1.048889e-05,52.1762897479695
6.115556e-05,5.6e-06,4.8e-06,52.7198116655916
6.115556e-05,5.6e-06,5.511111e-06,52.7893299580777
6.115556e-05,5.6e-06,6.222222e-06,52.8409120269293
6.115556e-05,5.6e-06,6.933333e-06,52.8802643607137
6.115556e-05,5.6e-06,7.644444e-06,52.9109750104591
6.115556e-05,5.6e-06,8.355556e-06,52.9354004067687
6.115556e-05,5.6e-06,9.066667e-06,52.9551437468617
6.115556e-05,5.6e-06,9.777778e-06,52.9713281482918
6.115556e-05,5.244444e-06,1.12e-05,52.1235110887895
6.115556e-05,5.244444e-06,1.048889e-05,52.1084329045894
6.115556e-05,5.244444e-06,4.8e-06,52.6768015536729
6.115556e-05,5.244444e-06,5.511111e-06,52.7443974499856
6.115556e-05,5.244444e-06,6.222222e-06,52.794353818046
6.115556e-05,5.244444e-06,6.933333e-06,52.8323044354046
6.115556e-05,5.244444e-06,7.644444e-06,52.8617875002858
6.115556e-05,5.244444e-06,8.355556e-06,52.885123940287
6.115556e-05,5.244444e-06,9.066667e-06,52.9038908763279
6.115556e-05,5.244444e-06,9.777778e-06,52.9191917766921
6.684444e-05,2.4e-06,1.12e-05,45.7268482947995
6.684444e-05,2.4e-06,1.048889e-05,45.7604730721855
6.684444e-05,2.4e-06,4.8e-06,47.9403717099636
6.684444e-05,2.4e-06,5.511111e-06,47.9034713104631
6.684444e-05,2.4e-06,6.222222e-06,47.8622275197725
6.684444e-05,2.4e-06,6.933333e-06,47.8193782080661
6.684444e-05,2.4e-06,7.644444e-06,47.776408831454
6.684444e-05,2.4e-06,8.355556e-06,47.7341339720336
6.684444e-05,2.4e-06,9.066667e-06,47.6929936833886
6.684444e-05,2.4e-06,9.777778e-06,47.6532127143662
6.684444e-05,2.755556e-06,1.12e-05,46.5156963370745
6.684444e-05,2.755556e-06,1.048889e-05,46.5461383873848
6.684444e-05,2.755556e-06,4.8e-06,48.5557602482239
6.684444e-05,2.755556e-06,5.511111e-06,48.5328739404472
6.684444e-05,2.755556e-06,6.222222e-06,48.5035762415477
6.684444e-05,2.755556e-06,6.933333e-06,48.4710751378011
6.684444e-05,2.755556e-06,7.644444e-06,48.4371873434635
6.684444e-05,2.755556e-06,8.355556e-06,48.4029688892864
6.684444e-05,2.755556e-06,9.066667e-06,48.3690407665944
6.684444e-05,2.755556e-06,9.777778e-06,48.3357664918992
6.684444e-05,3.111111e-06,1.12e-05,47.1642099191912
6.684444e-05,3.111111e-06,1.048889e-05,47.1909738180775
6.684444e-05,3.111111e-06,4.8e-06,49.0385311074922
6.684444e-05,3.111111e-06,5.511111e-06,49.0277562686686
6.684444e-05,3.111111e-06,6.222222e-06,49.0088918843169
6.684444e-05,3.111111e-06,6.933333e-06,48.9855182133368
6.684444e-05,3.111111e-06,7.644444e-06,48.9597155427795
6.684444e-05,3.111111e-06,8.355556e-06,48.9327329538407
6.684444e-05,3.111111e-06,9.066667e-06,48.9053368118076
6.684444e-05,3.111111e-06,9.777778e-06,48.8780026638432
6.684444e-05,3.466667e-06,1.12e-05,47.6994223270853
6.684444e-05,3.466667e-06,1.048889e-05,47.722433783054
6.684444e-05,3.466667e-06,4.8e-06,49.4237754223026
6.684444e-05,3.466667e-06,5.511111e-06,49.4232210614578
6.684444e-05,3.466667e-06,6.222222e-06,49.413219527599
6.684444e-05,3.466667e-06,6.933333e-06,49.3976485599373
6.684444e-05,3.466667e-06,7.644444e-06,49.3787993786979
6.684444e-05,3.466667e-06,8.355556e-06,49.3580758404239
6.684444e-05,3.466667e-06,9.066667e-06,49.3363610980974
6.684444e-05,3.466667e-06,9.777778e-06,49.31422089503
6.684444e-05,3.822222e-06,1.12e-05,48.1440521505508
6.684444e-05,3.822222e-06,1.048889e-05,48.1634811513261
6.684444e-05,3.822222e-06,4.8e-06,49.7365178056063
6.684444e-05,3.822222e-06,5.511111e-06,49.7445310781539
6.684444e-05,3.822222e-06,6.222222e-06,49.7419885576579
6.684444e-05,3.822222e-06,6.933333e-06,49.7330099501466
6.684444e-05,3.822222e-06,7.644444e-06,49.7200579601328
6.684444e-05,3.822222e-06,8.355556e-06,49.7046622626237
6.684444e-05,3.822222e-06,9.066667e-06,49.6878009692252
6.684444e-05,3.822222e-06,9.777778e-06,49.6701131932375
6.684444e-05,4.177778e-06,1.12e-05,48.516484612941
6.684444e-05,4.177778e-06,1.048889e-05,48.532619247822
6.684444e-05,4.177778e-06,4.8e-06,49.9945197540268
6.684444e-05,4.177778e-06,5.511111e-06,50.0097337244971
6.684444e-05,4.177778e-06,6.222222e-06,50.0134733946546
6.684444e-05,4.177778e-06,6.933333e-06,50.0100592288446
6.684444e-05,4.177778e-06,7.644444e-06,50.002095985446
6.684444e-05,4.177778e-06,8.355556e-06,49.9912174438473
6.684444e-05,4.177778e-06,9.066667e-06,49.9784802200914
6.684444e-05,4.177778e-06,9.777778e-06,49.9645840482542
6.684444e-05,4.533333e-06,1.12e-05,48.8312705884473
6.684444e-05,4.533333e-06,1.048889e-05,48.8445227425795
6.684444e-05,4.533333e-06,4.8e-06,50.2104770164583
6.684444e-05,4.533333e-06,5.511111e-06,50.2317871143128
6.684444e-05,4.533333e-06,6.222222e-06,50.2408497473577
6.684444e-05,4.533333e-06,6.933333e-06,50.2421551411577
6.684444e-05,4.533333e-06,7.644444e-06,50.238427923856
6.684444e-05,4.533333e-06,8.355556e-06,50.2313895719532
6.684444e-05,4.533333e-06,9.066667e-06,50.222162740778
6.684444e-05,4.533333e-06,9.777778e-06,50.2114981006629
6.684444e-05,4.888889e-06,1.12e-05,49.0998589189516
6.684444e-05,4.888889e-06,1.048889e-05,49.110473473925
6.684444e-05,4.888889e-06,4.8e-06,50.3935839942883
6.684444e-05,4.888889e-06,5.511111e-06,50.4201039394065
6.684444e-05,4.888889e-06,6.222222e-06,50.4337155138462
6.684444e-05,4.888889e-06,6.933333e-06,50.4390549565884
6.684444e-05,4.888889e-06,7.644444e-06,50.4389497641002
6.684444e-05,4.888889e-06,8.355556e-06,50.4351965273764
6.684444e-05,4.888889e-06,9.066667e-06,50.4289743726025
6.684444e-05,4.888889e-06,9.777778e-06,50.4210774639077
6.684444e-05,5.6e-06,1.12e-05,49.5316261500576
6.684444e-05,5.6e-06,1.048889e-05,49.537831401893
6.684444e-05,5.6e-06,4.8e-06,50.6866005226886
6.684444e-05,5.6e-06,5.511111e-06,50.7215401184197
6.684444e-05,5.6e-06,6.222222e-06,50.742495359736
6.684444e-05,5.6e-06,6.933333e-06,50.7543426283884
6.684444e-05,5.6e-06,7.644444e-06,50.7600780576592
6.684444e-05,5.6e-06,8.355556e-06,50.7616210295416
6.684444e-05,5.6e-06,9.066667e-06,50.7602427535594
6.684444e-05,5.6e-06,9.777778e-06,50.7568081579282
6.684444e-05,5.244444e-06,1.12e-05,49.3310064636561
6.684444e-05,5.244444e-06,1.048889e-05,49.3392826009812
6.684444e-05,5.244444e-06,4.8e-06,50.5506052146256
6.684444e-05,5.244444e-06,5.511111e-06,50.5816228377457
6.684444e-05,5.244444e-06,6.222222e-06,50.5991591218863
6.684444e-05,5.244444e-06,6.933333e-06,50.6079777650136
6.684444e-05,5.244444e-06,7.644444e-06,50.6109958590663
6.684444e-05,5.244444e-06,8.355556e-06,50.6100752903407
6.684444e-05,5.244444e-06,9.066667e-06,50.6064441897746
6.684444e-05,5.244444e-06,9.777778e-06,50.6009344072276
7.253333e-05,2.4e-06,1.12e-05,39.4105649062395
7.253333e-05,2.4e-06,1.048889e-05,39.4393310795659
7.253333e-05,2.4e-06,4.8e-06,41.7717577290055
7.253333e-05,2.4e-06,5.511111e-06,41.7010073149564
7.253333e-05,2.4e-06,6.222222e-06,41.6332112801442
7.253333e-05,2.4e-06,6.933333e-06,41.5691274333282
7.253333e-05,2.4e-06,7.644444e-06,41.5089175754409
7.253333e-05,2.4e-06,8.355556e-06,41.4524766943249
7.253333e-05,2.4e-06,9.066667e-06,41.3995855103076
7.253333e-05,2.4e-06,9.777778e-06,41.3499834605053
7.253333e-05,2.755556e-06,1.12e-05,40.2165116484314
7.253333e-05,2.755556e-06,1.048889e-05,40.249076982899
7.253333e-05,2.755556e-06,4.8e-06,42.6740497971471
7.253333e-05,2.755556e-06,5.511111e-06,42.5998881845212
7.253333e-05,2.755556e-06,6.222222e-06,42.5286666503776
7.253333e-05,2.755556e-06,6.933333e-06,42.461218960625
7.253333e-05,2.755556e-06,7.644444e-06,42.2461102064411
7.253333e-05,2.755556e-06,8.355556e-06,42.1896613337903
7.253333e-05,2.755556e-06,9.066667e-06,42.1365991481406
7.253333e-05,2.755556e-06,9.777778e-06,42.0867111430482
7.253333e-05,3.111111e-06,1.12e-05,40.9555460814288
7.253333e-05,3.111111e-06,1.048889e-05,40.9912566650005
7.253333e-05,3.111111e-06,4.8e-06,43.3108368407635
7.253333e-05,3.111111e-06,5.511111e-06,43.2406217027804
7.253333e-05,3.111111e-06,6.222222e-06,43.1723212309149
7.253333e-05,3.111111e-06,6.933333e-06,43.1070757109646
7.253333e-05,3.111111e-06,7.644444e-06,43.0452840094662
7.253333e-05,3.111111e-06,8.355556e-06,42.9869934640398
7.253333e-05,3.111111e-06,9.066667e-06,42.9320854709739
7.253333e-05,3.111111e-06,9.777778e-06,42.8803674346552
7.253333e-05,3.466667e-06,1.12e-05,41.6337544711056
7.253333e-05,3.466667e-06,1.048889e-05,41.6719457271256
7.253333e-05,3.466667e-06,4.8e-06,44.027920290194
7.253333e-05,3.466667e-06,5.511111e-06,43.95856280341
7.253333e-05,3.466667e-06,6.222222e-06,43.8905196204943
7.253333e-05,3.466667e-06,6.933333e-06,43.8251339202719
7.253333e-05,3.466667e-06,7.644444e-06,43.7629329308212
7.253333e-05,3.466667e-06,8.355556e-06,43.7040483231107
7.253333e-05,3.466667e-06,9.066667e-06,43.6484185941951
7.253333e-05,3.466667e-06,9.777778e-06,43.5958907595202
7.253333e-05,3.822222e-06,1.12e-05,42.2561170412118
7.253333e-05,3.822222e-06,1.048889e-05,42.2961399798252
7.253333e-05,3.822222e-06,4.8e-06,44.664430833412
7.253333e-05,3.822222e-06,5.511111e-06,44.5976678593349
7.253333e-05,3.822222e-06,6.222222e-06,44.5314020556433
7.253333e-05,3.822222e-06,6.933333e-06,44.4672222115246
7.253333e-05,3.822222e-06,7.644444e-06,44.4058156890154
7.253333e-05,3.822222e-06,8.355556e-06,44.3474226438313
7.253333e-05,3.822222e-06,9.066667e-06,44.2920573951371
7.253333e-05,3.822222e-06,9.777778e-06,44.2396213360406
7.253333e-05,4.177778e-06,1.12e-05,42.8269636666358
7.253333e-05,4.177778e-06,1.048889e-05,42.8682067749126
7.253333e-05,4.177778e-06,4.8e-06,45.2282726754692
7.253333e-05,4.177778e-06,5.511111e-06,45.1654391421523
7.253333e-05,4.177778e-06,6.222222e-06,45.1021444438826
7.253333e-05,4.177778e-06,6.933333e-06,45.0402459239734
7.253333e-05,4.177778e-06,7.644444e-06,44.9806094795585
7.253333e-05,4.177778e-06,8.355556e-06,44.9235985248658
7.253333e-05,4.177778e-06,9.066667e-06,44.8693151436728
7.253333e-05,4.177778e-06,9.777778e-06,44.8177248467518
7.253333e-05,4.533333e-06,1.12e-05,43.3502324008949
7.253333e-05,4.533333e-06,1.048889e-05,43.3921382033071
7.253333e-05,4.533333e-06,4.8e-06,45.7277601275558
7.253333e-05,4.533333e-06,5.511111e-06,45.6696832184426
7.253333e-05,4.533333e-06,6.222222e-06,45.6101387978858
7.253333e-05,4.533333e-06,6.933333e-06,45.5512517994302
7.253333e-05,4.533333e-06,7.644444e-06,45.4940687544697
7.253333e-05,4.533333e-06,8.355556e-06,45.4390795983671
7.253333e-05,4.533333e-06,9.066667e-06,45.3864777533163
7.253333e-05,4.533333e-06,9.777778e-06,45.3362963514289
7.253333e-05,4.888889e-06,1.12e-05,43.8296070577768
7.253333e-05,4.888889e-06,1.048889e-05,43.8716829622962
7.253333e-05,4.888889e-06,4.8e-06,46.1699662900472
7.253333e-05,4.888889e-06,5.511111e-06,46.1173595853727
7.253333e-05,4.888889e-06,6.222222e-06,46.062229331086
7.253333e-05,4.888889e-06,6.933333e-06,46.0069713107405
7.253333e-05,4.888889e-06,7.644444e-06,45.952816751513
7.253333e-05,4.888889e-06,8.355556e-06,45.9003861883451
7.253333e-05,4.888889e-06,9.066667e-06,45.8499681786817
7.253333e-05,4.888889e-06,9.777778e-06,45.8016668969672
7.253333e-05,5.6e-06,1.12e-05,44.6704814239395
7.253333e-05,5.6e-06,1.048889e-05,44.7117015478282
7.253333e-05,5.6e-06,4.8e-06,46.9091598991887
7.253333e-05,5.6e-06,5.511111e-06,46.868254602557
7.253333e-05,5.6e-06,6.222222e-06,46.8227852263698
7.253333e-05,5.6e-06,6.933333e-06,46.775647458849
7.253333e-05,5.6e-06,7.644444e-06,46.7284178402155
7.253333e-05,5.6e-06,8.355556e-06,46.681964025048
7.253333e-05,5.6e-06,9.066667e-06,46.6367566247061
7.253333e-05,5.6e-06,9.777778e-06,46.5930372196637
7.253333e-05,5.244444e-06,1.12e-05,44.268581475845
7.253333e-05,5.244444e-06,1.048889e-05,44.3104051644546
7.253333e-05,5.244444e-06,4.8e-06,46.5616474900362
7.253333e-05,5.244444e-06,5.511111e-06,46.5148380712035
7.253333e-05,5.244444e-06,6.222222e-06,46.464464286388
7.253333e-05,5.244444e-06,6.933333e-06,46.4131803183734
7.253333e-05,5.244444e-06,7.644444e-06,46.3623952356889
7.253333e-05,5.244444e-06,8.355556e-06,46.3128564107
7.253333e-05,5.244444e-06,9.066667e-06,46.2649455433845
7.253333e-05,5.244444e-06,9.777778e-06,46.2188368948058
7.822222e-05,2.4e-06,1.12e-05,34.8724194748883
7.822222e-05,2.4e-06,1.048889e-05,34.8823901099693
7.822222e-05,2.4e-06,4.8e-06,36.5452922659955
7.822222e-05,2.4e-06,5.511111e-06,36.519384348565
7.822222e-05,2.4e-06,6.222222e-06,36.4907227648037
7.822222e-05,2.4e-06,6.933333e-06,36.4612745430677
7.822222e-05,2.4e-06,7.644444e-06,36.4320713278499
7.822222e-05,2.4e-06,8.355556e-06,36.4036531378555
7.822222e-05,2.4e-06,9.066667e-06,36.3762913333309
7.822222e-05,2.4e-06,9.777778e-06,36.3501066767985
7.822222e-05,2.755556e-06,1.12e-05,35.4655220412907
7.822222e-05,2.755556e-06,1.048889e-05,35.4787068272183
7.822222e-05,2.755556e-06,4.8e-06,37.2503453266347
7.822222e-05,2.755556e-06,5.511111e-06,37.2172120690428
7.822222e-05,2.755556e-06,6.222222e-06,37.1822325887611
7.822222e-05,2.755556e-06,6.933333e-06,37.1471772616609
7.822222e-05,2.755556e-06,7.644444e-06,37.0340726257474
7.822222e-05,2.755556e-06,8.355556e-06,37.0027075418645
7.822222e-05,2.755556e-06,9.066667e-06,36.9726300492716
7.822222e-05,2.755556e-06,9.777778e-06,36.9439311142227
7.822222e-05,3.111111e-06,1.12e-05,36.0170108291505
7.822222e-05,3.111111e-06,1.048889e-05,36.0332875392755
7.822222e-05,3.111111e-06,4.8e-06,37.8194525679871
7.822222e-05,3.111111e-06,5.511111e-06,37.7824374796764
7.822222e-05,3.111111e-06,6.222222e-06,37.7439632788337
7.822222e-05,3.111111e-06,6.933333e-06,37.7057363880115
7.822222e-05,3.111111e-06,7.644444e-06,37.6686003010243
7.822222e-05,3.111111e-06,8.355556e-06,37.6329545351616
7.822222e-05,3.111111e-06,9.066667e-06,37.5989626095062
7.822222e-05,3.111111e-06,9.777778e-06,37.5666606108476
7.822222e-05,3.466667e-06,1.12e-05,36.5328980896739
7.822222e-05,3.466667e-06,1.048889e-05,36.5521361939301
7.822222e-05,3.466667e-06,4.8e-06,38.4348672716469
7.822222e-05,3.466667e-06,5.511111e-06,38.3915661436683
7.822222e-05,3.466667e-06,6.222222e-06,38.3475714227368
7.822222e-05,3.466667e-06,6.933333e-06,38.3044287271019
7.822222e-05,3.466667e-06,7.644444e-06,38.2628665548639
7.822222e-05,3.466667e-06,8.355556e-06,38.2231993502292
7.822222e-05,3.466667e-06,9.066667e-06,38.1855259252255
7.822222e-05,3.466667e-06,9.777778e-06,38.1498319995219
7.822222e-05,3.822222e-06,1.12e-05,37.0177409178029
7.822222e-05,3.822222e-06,1.048889e-05,37.0398031528792
7.822222e-05,3.822222e-06,4.8e-06,39.0126869239697
7.822222e-05,3.822222e-06,5.511111e-06,38.963623530714
7.822222e-05,3.822222e-06,6.222222e-06,38.9145471302992
7.822222e-05,3.822222e-06,6.933333e-06,38.8668645025506
7.822222e-05,3.822222e-06,7.644444e-06,38.8212037589682
7.822222e-05,3.822222e-06,8.355556e-06,38.77780443116
7.822222e-05,3.822222e-06,9.066667e-06,38.7367079515692
7.822222e-05,3.822222e-06,9.777778e-06,38.697855117776
7.822222e-05,4.177778e-06,1.12e-05,37.4750847498384
7.822222e-05,4.177778e-06,1.048889e-05,37.4998283734266
7.822222e-05,4.177778e-06,4.8e-06,39.5561389732704
7.822222e-05,4.177778e-06,5.511111e-06,39.5018854618572
7.822222e-05,4.177778e-06,6.222222e-06,39.4482049825903
7.822222e-05,4.177778e-06,6.933333e-06,39.3963899840614
7.822222e-05,4.177778e-06,7.644444e-06,39.3469845251909
7.822222e-05,4.177778e-06,8.355556e-06,39.3001645971693
7.822222e-05,4.177778e-06,9.066667e-06,39.2559224560109
7.822222e-05,4.177778e-06,9.777778e-06,39.2141600706302
7.822222e-05,4.533333e-06,1.12e-05,37.9077513272324
7.822222e-05,4.533333e-06,1.048889e-05,37.9350292682205
7.822222e-05,4.533333e-06,4.8e-06,40.0678269439403
7.822222e-05,4.533333e-06,5.511111e-06,40.0089871101651
7.822222e-05,4.533333e-06,6.222222e-06,39.9512059715845
7.822222e-05,4.533333e-06,6.933333e-06,39.8956875727144
7.822222e-05,4.533333e-06,7.644444e-06,39.8429092575076
7.822222e-05,4.533333e-06,8.355556e-06,39.7929955756472
7.822222e-05,4.533333e-06,9.066667e-06,39.7458983478453
7.822222e-05,4.533333e-06,9.777778e-06,39.701487213566
7.822222e-05,4.888889e-06,1.12e-05,38.3180321843868
7.822222e-05,4.888889e-06,1.048889e-05,38.3476941587251
7.822222e-05,4.888889e-06,4.8e-06,40.5499191561303
7.822222e-05,4.888889e-06,5.511111e-06,40.4871135421114
7.822222e-05,4.888889e-06,6.222222e-06,40.4257493903272
7.822222e-05,4.888889e-06,6.933333e-06,40.3669687150797
7.822222e-05,4.888889e-06,7.644444e-06,40.3111998588401
7.822222e-05,4.888889e-06,8.355556e-06,40.25852833266
7.822222e-05,4.888889e-06,9.066667e-06,40.2088745056698
7.822222e-05,4.888889e-06,9.777778e-06,40.1620823807962
7.822222e-05,5.6e-06,1.12e-05,39.0787158359714
7.822222e-05,5.6e-06,1.048889e-05,39.1126876402347
7.822222e-05,5.6e-06,4.8e-06,41.4325479797985
7.822222e-05,5.6e-06,5.511111e-06,41.3636743534667
7.822222e-05,5.6e-06,6.222222e-06,41.2967029591206
7.822222e-05,5.6e-06,6.933333e-06,41.232728624268
7.822222e-05,5.6e-06,7.644444e-06,41.1721337085264
7.822222e-05,5.6e-06,8.355556e-06,41.1149622881214
7.822222e-05,5.6e-06,9.066667e-06,41.0610984993864
7.822222e-05,5.6e-06,9.777778e-06,41.0103550203342
7.822222e-05,5.244444e-06,1.12e-05,38.707822476249
7.822222e-05,5.244444e-06,1.048889e-05,38.7397160848822
7.822222e-05,5.244444e-06,4.8e-06,41.0042778174525
7.822222e-05,5.244444e-06,5.511111e-06,40.9381303840302
7.822222e-05,5.244444e-06,6.222222e-06,40.8737046496765
7.822222e-05,5.244444e-06,6.933333e-06,40.8121065839422
7.822222e-05,5.244444e-06,7.644444e-06,40.7537330753207
7.822222e-05,5.244444e-06,8.355556e-06,40.6986429354808
7.822222e-05,5.244444e-06,9.066667e-06,40.6467340506451
7.822222e-05,5.244444e-06,9.777778e-06,40.5978314875264
8.96e-05,2.4e-06,1.12e-05,29.5042595610957
8.96e-05,2.4e-06,1.048889e-05,29.4957150693666
8.96e-05,2.4e-06,4.8e-06,30.435276408177
8.96e-05,2.4e-06,5.511111e-06,30.4638920908023
8.96e-05,2.4e-06,6.222222e-06,30.4817980198071
8.96e-05,2.4e-06,6.933333e-06,30.4928437953434
8.96e-05,2.4e-06,7.644444e-06,30.4993614636178
8.96e-05,2.4e-06,8.355556e-06,30.5028240198941
8.96e-05,2.4e-06,9.066667e-06,30.5041931949111
8.96e-05,2.4e-06,9.777778e-06,30.5041138771616
8.96e-05,2.755556e-06,1.12e-05,29.8741326253117
8.96e-05,2.755556e-06,1.048889e-05,29.8670401160266
8.96e-05,2.755556e-06,4.8e-06,30.8539079669589
8.96e-05,2.755556e-06,5.511111e-06,30.8798049041111
8.96e-05,2.755556e-06,6.222222e-06,30.8952707300414
8.96e-05,2.755556e-06,6.933333e-06,30.9041027980729
8.96e-05,2.755556e-06,7.644444e-06,30.8773469887925
8.96e-05,2.755556e-06,8.355556e-06,30.8795038285959
8.96e-05,2.755556e-06,9.066667e-06,30.8796482215799
8.96e-05,2.755556e-06,9.777778e-06,30.8784174707478
8.96e-05,3.111111e-06,1.12e-05,30.2134697239214
8.96e-05,3.111111e-06,1.048889e-05,30.207785453762
8.96e-05,3.111111e-06,4.8e-06,31.2070850692076
8.96e-05,3.111111e-06,5.511111e-06,31.2311905329898
8.96e-05,3.111111e-06,6.222222e-06,31.2450160997673
8.96e-05,3.111111e-06,6.933333e-06,31.2523372365952
8.96e-05,3.111111e-06,7.644444e-06,31.2554307232951
8.96e-05,3.111111e-06,8.355556e-06,31.2557269479571
8.96e-05,3.111111e-06,9.066667e-06,31.2541539182429
8.96e-05,3.111111e-06,9.777778e-06,31.2513292621304
8.96e-05,3.466667e-06,1.12e-05,30.5273796339501
8.96e-05,3.466667e-06,1.048889e-05,30.523061240204
8.96e-05,3.466667e-06,4.8e-06,31.5681049938604
8.96e-05,3.466667e-06,5.511111e-06,31.589405432278
8.96e-05,3.466667e-06,6.222222e-06,31.6007495321198
8.96e-05,3.466667e-06,6.933333e-06,31.6058456096832
8.96e-05,3.466667e-06,7.644444e-06,31.6069227636824
8.96e-05,3.466667e-06,8.355556e-06,31.6053762035642
8.96e-05,3.466667e-06,9.066667e-06,31.6021071733418
8.96e-05,3.466667e-06,9.777778e-06,31.5977124213963
8.96e-05,3.822222e-06,1.12e-05,30.8197369804856
8.96e-05,3.822222e-06,1.048889e-05,30.8167441335914
8.96e-05,3.822222e-06,4.8e-06,31.9064266216212
8.96e-05,3.822222e-06,5.511111e-06,31.9249191861629
8.96e-05,3.822222e-06,6.222222e-06,31.933790619833
8.96e-05,3.822222e-06,6.933333e-06,31.9366778703935
8.96e-05,3.822222e-06,7.644444e-06,31.9357596993058
8.96e-05,3.822222e-06,8.355556e-06,31.9323944057637
8.96e-05,3.822222e-06,9.066667e-06,31.9274553114763
8.96e-05,3.822222e-06,9.777778e-06,31.9215174946565
8.96e-05,4.177778e-06,1.12e-05,31.0935555913478
8.96e-05,4.177778e-06,1.048889e-05,31.0918501630086
8.96e-05,4.177778e-06,4.8e-06,32.2250878679305
8.96e-05,4.177778e-06,5.511111e-06,32.2407844779365
8.96e-05,4.177778e-06,6.222222e-06,32.2472024703328
8.96e-05,4.177778e-06,6.933333e-06,32.2479045332089
8.96e-05,4.177778e-06,7.644444e-06,32.2450172965808
8.96e-05,4.177778e-06,8.355556e-06,32.2398609997486
8.96e-05,4.177778e-06,9.066667e-06,32.233280288489
8.96e-05,4.177778e-06,9.777778e-06,32.2258280694805
8.96e-05,4.533333e-06,1.12e-05,31.3512298697457
8.96e-05,4.533333e-06,1.048889e-05,31.350775890581
8.96e-05,4.533333e-06,4.8e-06,32.5265159709587
8.96e-05,4.533333e-06,5.511111e-06,32.5394386851251
8.96e-05,4.533333e-06,6.222222e-06,32.5434294657106
8.96e-05,4.533333e-06,6.933333e-06,32.5419748171799
8.96e-05,4.533333e-06,7.644444e-06,32.5371480705979
8.96e-05,4.533333e-06,8.355556e-06,32.5302306776858
8.96e-05,4.533333e-06,9.066667e-06,32.5220381477639
8.96e-05,4.533333e-06,9.777778e-06,32.5131009230997
8.96e-05,4.888889e-06,1.12e-05,31.5946965508875
8.96e-05,4.888889e-06,1.048889e-05,31.595460080769
8.96e-05,4.888889e-06,4.8e-06,32.8126835049203
8.96e-05,4.888889e-06,5.511111e-06,32.8228615176091
8.96e-05,4.888889e-06,6.222222e-06,32.8244561257389
8.96e-05,4.888889e-06,6.933333e-06,32.8208764511779
8.96e-05,4.888889e-06,7.644444e-06,32.8141418268952
8.96e-05,4.888889e-06,8.355556e-06,32.8054945041169
8.96e-05,4.888889e-06,9.066667e-06,32.7957206130275
8.96e-05,4.888889e-06,9.777778e-06,32.7853279934572
8.96e-05,5.6e-06,1.12e-05,32.0451039973878
8.96e-05,5.6e-06,1.048889e-05,32.0482080391304
8.96e-05,5.6e-06,4.8e-06,33.34547652539
8.96e-05,5.6e-06,5.511111e-06,33.3502718087096
8.96e-05,5.6e-06,6.222222e-06,33.3471796151747
8.96e-05,5.6e-06,6.933333e-06,33.3394528082606
8.96e-05,5.6e-06,7.644444e-06,33.3290019829468
8.96e-05,5.6e-06,8.355556e-06,33.316990657643
8.96e-05,5.6e-06,9.066667e-06,33.3041461028239
8.96e-05,5.6e-06,9.777778e-06,33.2909309824179
8.96e-05,5.244444e-06,1.12e-05,31.8255464903607
8.96e-05,5.244444e-06,1.048889e-05,31.8274954586071
8.96e-05,5.244444e-06,4.8e-06,33.0852173245421
8.96e-05,5.244444e-06,5.511111e-06,33.0926849505324
8.96e-05,5.244444e-06,6.222222e-06,33.0919177800459
8.96e-05,5.244444e-06,6.933333e-06,33.0862469094669
8.96e-05,5.244444e-06,7.644444e-06,33.0776373331827
8.96e-05,5.244444e-06,8.355556e-06,33.0672919289642
8.96e-05,5.244444e-06,9.066667e-06,33.0559673711462
8.96e-05,5.244444e-06,9.777778e-06,33.0441488764862
8.391111e-05,2.4e-06,1.12e-05,31.7758724588523
8.391111e-05,2.4e-06,1.048889e-05,31.7742119352388
8.391111e-05,2.4e-06,4.8e-06,32.9825876683237
8.391111e-05,2.4e-06,5.511111e-06,32.990861019641
8.391111e-05,2.4e-06,6.222222e-06,32.9914050946579
8.391111e-05,2.4e-06,6.933333e-06,32.9873613584028
8.391111e-05,2.4e-06,7.644444e-06,32.9805735332743
8.391111e-05,2.4e-06,8.355556e-06,32.9721647401257
8.391111e-05,2.4e-06,9.066667e-06,32.9628381021615
8.391111e-05,2.4e-06,9.777778e-06,32.9530423559521
8.391111e-05,2.755556e-06,1.12e-05,32.2293503904406
8.391111e-05,2.755556e-06,1.048889e-05,32.2298028265118
8.391111e-05,2.755556e-06,4.8e-06,33.5095973869001
8.391111e-05,2.755556e-06,5.511111e-06,33.513287088602
8.391111e-05,2.755556e-06,6.222222e-06,33.5098029363873
8.391111e-05,2.755556e-06,6.933333e-06,33.5021675310858
8.391111e-05,2.755556e-06,7.644444e-06,33.4449107260321
8.391111e-05,2.755556e-06,8.355556e-06,33.4344220744521
8.391111e-05,2.755556e-06,9.066667e-06,33.4231740325554
8.391111e-05,2.755556e-06,9.777778e-06,33.4115951729055
8.391111e-05,3.111111e-06,1.12e-05,32.6483192522997
8.391111e-05,3.111111e-06,1.048889e-05,32.6508255670379
8.391111e-05,3.111111e-06,4.8e-06,33.948666808224
8.391111e-05,3.111111e-06,5.511111e-06,33.9493167894509
8.391111e-05,3.111111e-06,6.222222e-06,33.9431231570618
8.391111e-05,3.111111e-06,6.933333e-06,33.9330453303721
8.391111e-05,3.111111e-06,7.644444e-06,33.9207974387966
8.391111e-05,3.111111e-06,8.355556e-06,33.9074067535834
8.391111e-05,3.111111e-06,9.066667e-06,33.8935033019336
8.391111e-05,3.111111e-06,9.777778e-06,33.8794786670979
8.391111e-05,3.466667e-06,1.12e-05,33.0383518556301
8.391111e-05,3.466667e-06,1.048889e-05,33.0428542834241
8.391111e-05,3.466667e-06,4.8e-06,34.4090876131424
8.391111e-05,3.466667e-06,5.511111e-06,34.4052001444127
8.391111e-05,3.466667e-06,6.222222e-06,34.3950464195477
8.391111e-05,3.466667e-06,6.933333e-06,34.3814582823329
8.391111e-05,3.466667e-06,7.644444e-06,34.366060578522
8.391111e-05,3.466667e-06,8.355556e-06,34.3498156238588
8.391111e-05,3.466667e-06,9.066667e-06,34.3333046871027
8.391111e-05,3.466667e-06,9.777778e-06,34.3168817959381
8.391111e-05,3.822222e-06,1.12e-05,33.403683176549
8.391111e-05,3.822222e-06,1.048889e-05,33.4101256904045
8.391111e-05,3.822222e-06,4.8e-06,34.8429031536829
8.391111e-05,3.822222e-06,5.511111e-06,34.8345406114519
8.391111e-05,3.822222e-06,6.222222e-06,34.8204892447573
8.391111e-05,3.822222e-06,6.933333e-06,34.8034522359557
8.391111e-05,3.822222e-06,7.644444e-06,34.7849645498432
8.391111e-05,3.822222e-06,8.355556e-06,34.7659232309259
8.391111e-05,3.822222e-06,9.066667e-06,34.7468606407149
8.391111e-05,3.822222e-06,9.777778e-06,34.7280932030161
8.391111e-05,4.177778e-06,1.12e-05,33.7476134495124
8.391111e-05,4.177778e-06,1.048889e-05,33.7559417816389
8.391111e-05,4.177778e-06,4.8e-06,35.2533832688727
8.391111e-05,4.177778e-06,5.511111e-06,35.2406302242862
8.391111e-05,4.177778e-06,6.222222e-06,35.2227600482325
8.391111e-05,4.177778e-06,6.933333e-06,35.2023479151667
8.391111e-05,4.177778e-06,7.644444e-06,35.1808394423376
8.391111e-05,4.177778e-06,8.355556e-06,35.1590668523096
8.391111e-05,4.177778e-06,9.066667e-06,35.1375139849109
8.391111e-05,4.177778e-06,9.777778e-06,35.1164599951486
8.391111e-05,4.533333e-06,1.12e-05,34.0727693392839
8.391111e-05,4.533333e-06,1.048889e-05,34.0829308541345
8.391111e-05,4.533333e-06,4.8e-06,35.6431366874013
8.391111e-05,4.533333e-06,5.511111e-06,35.6260945498632
8.391111e-05,4.533333e-06,6.222222e-06,35.60449677068
8.391111e-05,4.533333e-06,6.933333e-06,35.5807925114804
8.391111e-05,4.533333e-06,7.644444e-06,35.55633944562
8.391111e-05,4.533333e-06,8.355556e-06,35.5319060107867
8.391111e-05,4.533333e-06,9.066667e-06,35.5079283208773
8.391111e-05,4.533333e-06,9.777778e-06,35.4846488908833
8.391111e-05,4.888889e-06,1.12e-05,34.3812792881727
8.391111e-05,4.888889e-06,1.048889e-05,34.3932228141844
8.391111e-05,4.888889e-06,4.8e-06,36.0142811453024
8.391111e-05,4.888889e-06,5.511111e-06,35.9930644695865
8.391111e-05,4.888889e-06,6.222222e-06,35.9678399203882
8.391111e-05,4.888889e-06,6.933333e-06,35.940933702004
8.391111e-05,4.888889e-06,7.644444e-06,35.9136176343246
8.391111e-05,4.888889e-06,8.355556e-06,35.886597870747
8.391111e-05,4.888889e-06,9.066667e-06,35.860263917932
8.391111e-05,4.888889e-06,9.777778e-06,35.8348225109835
8.391111e-05,5.6e-06,1.12e-05,34.9550771257136
8.391111e-05,5.6e-06,1.048889e-05,34.9704362083433
8.391111e-05,5.6e-06,4.8e-06,36.7074385776322
8.391111e-05,5.6e-06,5.511111e-06,36.6782562582265
8.391111e-05,5.6e-06,6.222222e-06,36.6461096898503
8.391111e-05,5.6e-06,6.933333e-06,36.6130915736254
8.391111e-05,5.6e-06,7.644444e-06,36.580310394723
8.391111e-05,5.6e-06,8.355556e-06,36.5483536555083
8.391111e-05,5.6e-06,9.066667e-06,36.5175219909158
8.391111e-05,5.6e-06,9.777778e-06,36.4879538622677
8.391111e-05,5.244444e-06,1.12e-05,34.6748948870777
8.391111e-05,5.244444e-06,1.048889e-05,34.6885705513522
8.391111e-05,5.244444e-06,4.8e-06,36.3685622525471
8.391111e-05,5.244444e-06,5.511111e-06,36.343296050036
8.391111e-05,5.244444e-06,6.222222e-06,36.3145531994803
8.391111e-05,5.244444e-06,6.933333e-06,36.2845408549708
8.391111e-05,5.244444e-06,7.644444e-06,36.2544476248531
8.391111e-05,5.244444e-06,8.355556e-06,36.2249192503599
8.391111e-05,5.244444e-06,9.066667e-06,36.1963000086196
8.391111e-05,5.244444e-06,9.777778e-06,36.1687619001823
