W,X,Y,Gain,ugf,pm
3.84e-05,2.4e-06,1.12e-05,56.0535468372437,124811432.2972166,67.56629286153888
3.84e-05,2.4e-06,1.048889e-05,56.0146130966956,123553970.3565026,67.98904903310677
3.84e-05,2.4e-06,4.8e-06,55.8558009426965,102908988.3372042,73.23731888752417
3.84e-05,2.4e-06,5.511111e-06,55.9641715718725,106833230.8491979,72.4807003456541
3.84e-05,2.4e-06,6.222222e-06,56.0505519282543,109966520.884771,71.81602271767817
3.84e-05,2.4e-06,6.933333e-06,56.121418609865,112536068.8524185,71.22088606014044
3.84e-05,2.4e-06,7.644444e-06,56.1809264676676,114688035.6115588,70.67989346776164
3.84e-05,2.4e-06,8.355556e-06,56.2318616402377,116520980.9327859,70.18207616176704
3.84e-05,2.4e-06,9.066667e-06,56.2761611943774,118103944.4261507,69.71938599114225
3.84e-05,2.4e-06,9.777778e-06,56.3152130584106,119486830.8957789,69.28576958539692
3.84e-05,2.755556e-06,1.12e-05,55.9111513147773,128548986.4084425,67.61973288434801
3.84e-05,2.755556e-06,1.048889e-05,55.8720011515223,127312718.1701658,68.06018024966944
3.84e-05,2.755556e-06,4.8e-06,55.7044539140493,106941938.0188436,73.52808236307668
3.84e-05,2.755556e-06,5.511111e-06,55.8143168836092,110823125.0345966,72.73272855505103
3.84e-05,2.755556e-06,6.222222e-06,55.9018611033525,113920100.2645828,72.03519388918306
3.84e-05,2.755556e-06,6.933333e-06,55.9736560999252,116458305.5858422,71.41166198207513
3.84e-05,2.755556e-06,7.644444e-06,56.0339181013993,118582729.672829,70.84575369075478
3.84e-05,2.755556e-06,8.355556e-06,56.085475423803,120391121.3766101,70.32579591539162
3.84e-05,2.755556e-06,9.066667e-06,56.1302950589874,121951939.1390855,69.84322125438594
3.84e-05,2.755556e-06,9.777778e-06,56.1697867331602,123314658.7146172,69.39158445783038
3.84e-05,3.111111e-06,1.12e-05,55.784267232568,131687081.8468973,67.62207150897162
3.84e-05,3.111111e-06,1.048889e-05,55.7449265438124,130468095.7231728,68.07851603039204
3.84e-05,3.111111e-06,4.8e-06,55.5698119962406,110313656.7163773,73.74653348545044
3.84e-05,3.111111e-06,5.511111e-06,55.680969634557,114160617.3005033,72.91598523659387
3.84e-05,3.111111e-06,6.222222e-06,55.7695246993125,117228640.4507938,72.18859855823351
3.84e-05,3.111111e-06,6.933333e-06,55.8421267878696,119741790.1897029,71.53927083735621
3.84e-05,3.111111e-06,7.644444e-06,55.9030450565043,121844140.3227477,70.95073040912338
3.84e-05,3.111111e-06,8.355556e-06,55.9551442224748,123632805.9420133,70.41066388126828
3.84e-05,3.111111e-06,9.066667e-06,56.0004171256466,125175790.8082317,69.91003163989792
3.84e-05,3.111111e-06,9.777778e-06,56.0402923358448,126522234.7164018,69.44203196155554
3.84e-05,3.466667e-06,1.12e-05,55.6700890596861,134379145.6159569,67.58956987938242
3.84e-05,3.466667e-06,1.048889e-05,55.6305784816701,133174607.4194836,68.06060775917815
3.84e-05,3.466667e-06,4.8e-06,55.4488057979672,113195666.8428161,73.91237066781696
3.84e-05,3.466667e-06,5.511111e-06,55.5611045874699,117014687.0435618,73.04956814259374
3.84e-05,3.466667e-06,6.222222e-06,55.6505514572496,120059008.1498769,72.29482675771615
3.84e-05,3.466667e-06,6.933333e-06,55.7238661838226,122551591.9955146,71.62186493439462
3.84e-05,3.466667e-06,7.644444e-06,55.7853643453735,124635779.1883499,71.01259250020871
3.84e-05,3.466667e-06,8.355556e-06,55.8379426073367,126408176.1896412,70.45410865825369
3.84e-05,3.466667e-06,9.066667e-06,55.8836165110705,127936421.4406903,69.9369404768387
3.84e-05,3.466667e-06,9.777778e-06,55.923831187633,129269384.556601,69.45395906125867
3.84e-05,3.822222e-06,1.12e-05,55.5664943098067,136728076.2623221,67.53275723274527
3.84e-05,3.822222e-06,1.048889e-05,55.5268306320515,135535858.1416059,68.01720527384533
3.84e-05,3.822222e-06,4.8e-06,55.3391255086841,115702484.575954,74.03878689418097
3.84e-05,3.822222e-06,5.511111e-06,55.4524431256322,119498206.2966738,73.1462117133044
3.84e-05,3.822222e-06,6.222222e-06,55.5426868158452,122522708.1412396,72.36622489103408
3.84e-05,3.822222e-06,6.933333e-06,55.6166387156807,124998051.4444904,71.67145581296307
3.84e-05,3.822222e-06,7.644444e-06,55.6786556772126,127066976.6215691,71.04305793028517
3.84e-05,3.822222e-06,8.355556e-06,55.7316627876573,128825673.1532434,70.4675874846413
3.84e-05,3.822222e-06,9.066667e-06,55.7776957958101,130341479.6354956,69.93517093970988
3.84e-05,3.822222e-06,9.777778e-06,55.8182145830719,131663043.7109433,69.43837689390608
3.84e-05,4.177778e-06,1.12e-05,55.4718406343032,138805859.7448673,67.45871053255071
3.84e-05,4.177778e-06,1.048889e-05,55.4320377579806,137624317.6468136,67.95555719441779
3.84e-05,4.177778e-06,4.8e-06,55.2389914558404,117913902.5974471,74.13496151874457
3.84e-05,4.177778e-06,5.511111e-06,55.3532283543533,121689856.1837262,73.21473755449563
3.84e-05,4.177778e-06,6.222222e-06,55.444191476269,124697496.2753592,72.41131152787126
3.84e-05,4.177778e-06,6.933333e-06,55.5187189973584,127158135.6566209,71.69630031661026
3.84e-05,4.177778e-06,7.644444e-06,55.5812048791153,129214014.8224599,71.05015392471908
3.84e-05,4.177778e-06,8.355556e-06,55.6345997757478,130960975.4029537,70.45892352744795
3.84e-05,4.177778e-06,9.066667e-06,55.6809576228517,132466105.5528046,69.91236289855806
3.84e-05,4.177778e-06,9.777778e-06,55.7217515837972,133777867.3274555,69.40275918978637
3.84e-05,4.533333e-06,1.12e-05,55.3848325187285,140664614.5123165,67.37233165965375
3.84e-05,4.533333e-06,1.048889e-05,55.3449021262893,139492447.7933431,67.88070167732958
3.84e-05,4.533333e-06,4.8e-06,55.1470047263201,119887483.2364819,74.20748372061466
3.84e-05,4.533333e-06,5.511111e-06,55.2620784564352,123646419.719168,73.26145039033983
3.84e-05,4.533333e-06,6.222222e-06,55.3536968473761,126639506.2083095,72.4361502356862
3.84e-05,4.533333e-06,6.933333e-06,55.4287489095587,129087424.2091749,71.70225358113994
3.84e-05,4.533333e-06,7.644444e-06,55.491662282576,131131991.7428214,71.03955264337912
3.84e-05,4.533333e-06,8.355556e-06,55.5454108336611,132868756.01008,70.4336262477535
3.84e-05,4.533333e-06,9.066667e-06,55.5920650179412,134364592.9176598,69.87387959424565
3.84e-05,4.533333e-06,9.777778e-06,55.6331100684999,135667807.0720737,69.35233659250862
3.84e-05,4.888889e-06,1.12e-05,55.3044309459604,142343163.2855386,67.2771004046102
3.84e-05,4.888889e-06,1.048889e-05,55.2643829817092,141179322.3912134,67.79622857797814
3.84e-05,4.888889e-06,4.8e-06,55.0620466684749,121665963.7892252,74.26120785781814
3.84e-05,4.888889e-06,5.511111e-06,55.1778879127198,125410071.083241,73.29097463188549
3.84e-05,4.888889e-06,6.222222e-06,55.2701075823915,128390442.4363197,72.44517033355193
3.84e-05,4.888889e-06,6.933333e-06,55.3456411692257,130827220.4359589,71.69357620064399
3.84e-05,4.888889e-06,7.644444e-06,55.4089471190192,132861861.6717054,71.01536648000527
3.84e-05,4.888889e-06,8.355556e-06,55.4630205407514,134589661.0453615,70.39567619734045
3.84e-05,4.888889e-06,9.066667e-06,55.5099470120637,136077312.3496043,69.8235830362899
3.84e-05,4.888889e-06,9.777778e-06,55.5512228193117,137372984.9499379,69.29086356818522
3.84e-05,5.6e-06,1.12e-05,55.1602124195012,145271536.173227,67.06947779211313
3.84e-05,5.6e-06,1.048889e-05,55.1199528096229,144121892.7467653,67.60815976827313
3.84e-05,5.6e-06,4.8e-06,54.909746153612,124760392.421805,74.32603384605864
3.84e-05,5.6e-06,5.511111e-06,55.0269535439187,128479836.7574441,73.31150682072477
3.84e-05,5.6e-06,6.222222e-06,55.120244103376,131438983.5424616,72.42819078124806
3.84e-05,5.6e-06,6.933333e-06,55.1966357405108,133857105.7327857,71.64423472356539
3.84e-05,5.6e-06,7.644444e-06,55.2606415518649,135875074.8023539,70.93767816586882
3.84e-05,5.6e-06,8.355556e-06,55.3152943482934,137587776.1991773,70.29284116358733
3.84e-05,5.6e-06,9.066667e-06,55.3627065614643,139061607.5809724,69.6981999714882
3.84e-05,5.6e-06,9.777778e-06,55.4043941152734,140344518.0386037,69.14507699153482
3.84e-05,5.244444e-06,1.12e-05,55.2297896173703,143871113.5098764,67.17552793384786
3.84e-05,5.244444e-06,1.048889e-05,55.1896318027592,142714725.8657062,67.7047294605193
3.84e-05,5.244444e-06,4.8e-06,54.9832093371451,123281852.3836303,74.29978955292387
3.84e-05,5.244444e-06,5.511111e-06,55.0997590676838,127012901.019641,73.30677731164587
3.84e-05,5.244444e-06,6.222222e-06,55.1925340049207,129982047.220087,72.44167874288357
3.84e-05,5.244444e-06,6.933333e-06,55.2685124314477,132408968.6622187,71.6734365463361
3.84e-05,5.244444e-06,7.644444e-06,55.3321811634215,134434809.455539,70.98064204967346
3.84e-05,5.244444e-06,8.355556e-06,55.3865548787343,136154646.0083799,70.34801162694843
3.84e-05,5.244444e-06,9.066667e-06,55.4337330914304,137635014.1900536,69.7643140032714
3.84e-05,5.244444e-06,9.777778e-06,55.4752222775714,138923965.9596055,69.22109243371882
4.408889e-05,2.4e-06,1.12e-05,55.8193158497079,133935539.4977887,62.44617066776171
4.408889e-05,2.4e-06,1.048889e-05,55.7845016200339,132853501.783946,62.8606949862817
4.408889e-05,2.4e-06,4.8e-06,55.7659973375341,115258560.2386924,67.74629124795122
4.408889e-05,2.4e-06,5.511111e-06,55.8650539195931,118658236.9543427,67.01195574757718
4.408889e-05,2.4e-06,6.222222e-06,55.9433493907189,121367676.3608606,66.36646817602852
4.408889e-05,2.4e-06,6.933333e-06,56.0070842739011,123585162.6176592,65.7881962353309
4.408889e-05,2.4e-06,7.644444e-06,56.0602198501368,125438263.2602121,65.26227057863302
4.408889e-05,2.4e-06,8.355556e-06,56.1054015114549,127013007.0426432,64.77809914003304
4.408889e-05,2.4e-06,9.066667e-06,56.144460908685,128369658.9911964,64.32791124996001
4.408889e-05,2.4e-06,9.777778e-06,56.1787050488987,129551782.6011403,63.90586323120485
4.408889e-05,2.755556e-06,1.12e-05,55.7166549323763,137424406.9905946,62.46294093825996
4.408889e-05,2.755556e-06,1.048889e-05,55.6814870433299,136360275.7985441,62.89574507464786
4.408889e-05,2.755556e-06,4.8e-06,55.6484260415504,118973937.5668029,68.0128151020011
4.408889e-05,2.755556e-06,5.511111e-06,55.7493348797757,122338800.6548665,67.23818861952309
4.408889e-05,2.755556e-06,6.222222e-06,55.8291082619241,125018836.2910498,66.5585576927261
4.408889e-05,2.755556e-06,6.933333e-06,55.8940494978237,127210912.761745,65.95080651119925
4.408889e-05,2.755556e-06,7.644444e-06,55.94818828971,129041658.385087,65.39903768287459
4.408889e-05,2.755556e-06,8.355556e-06,55.9942174035144,130596451.8393566,64.89192236342681
4.408889e-05,2.755556e-06,9.066667e-06,56.0340023516995,131935092.1096305,64.42114692132552
4.408889e-05,2.755556e-06,9.777778e-06,56.0688749889215,133100798.5592725,63.98045802566359
4.408889e-05,3.111111e-06,1.12e-05,55.6230754958022,140359511.8488096,62.43199585003669
4.408889e-05,3.111111e-06,1.048889e-05,55.5876021897408,139309922.650038,62.88133270766751
4.408889e-05,3.111111e-06,4.8e-06,55.5422035219262,122086429.8898862,68.20929426369788
4.408889e-05,3.111111e-06,5.511111e-06,55.6447024935376,125423908.5403259,67.3980284547891
4.408889e-05,3.111111e-06,6.222222e-06,55.7257445670026,128080721.9652243,66.6873547567318
4.408889e-05,3.111111e-06,6.933333e-06,55.7917212124981,130252656.1960303,66.05280700568365
4.408889e-05,3.111111e-06,7.644444e-06,55.8467208383379,132065619.7678012,65.47755167914418
4.408889e-05,3.111111e-06,8.355556e-06,55.8934768727911,133604492.169666,64.94958885951627
4.408889e-05,3.111111e-06,9.066667e-06,55.9338839037328,134928713.9462962,64.46011029512684
4.408889e-05,3.111111e-06,9.777778e-06,55.9692951294203,136081239.4322951,64.00248943858622
4.408889e-05,3.466667e-06,1.12e-05,55.5372987077069,142881943.0213174,62.36894574258006
4.408889e-05,3.466667e-06,1.048889e-05,55.5015575382143,141844462.9231026,62.83336209966627
4.408889e-05,3.466667e-06,4.8e-06,55.4455033956524,124751645.8344601,68.35492348218338
4.408889e-05,3.466667e-06,5.511111e-06,55.5493914115733,128067011.1813709,67.51005997927511
4.408889e-05,3.466667e-06,6.222222e-06,55.6315416530114,130704996.2093671,66.77092825713204
4.408889e-05,3.466667e-06,6.933333e-06,55.698422551768,132860538.9187174,66.11182186343288
4.408889e-05,3.466667e-06,7.644444e-06,55.7541737808537,134658982.2265856,65.51504722042384
4.408889e-05,3.466667e-06,8.355556e-06,55.8015642875185,136184812.4892678,64.96798778080931
4.408889e-05,3.466667e-06,9.066667e-06,55.842514065362,137497187.4672295,64.46138076741758
4.408889e-05,3.466667e-06,9.777778e-06,55.8783949684597,138638852.0993169,63.9882566619005
4.408889e-05,3.822222e-06,1.12e-05,55.4582715149643,145086444.7517901,62.28386419986111
4.408889e-05,3.822222e-06,1.048889e-05,55.4222924466118,144059251.2205698,62.76213125937883
4.408889e-05,3.822222e-06,4.8e-06,55.3568960856032,127073642.2442861,68.46255546214337
4.408889e-05,3.822222e-06,5.511111e-06,55.4620145543902,130370770.9127401,67.58666882463697
4.408889e-05,3.822222e-06,6.222222e-06,55.5451463519711,132993164.9354262,66.82126838211687
4.408889e-05,3.822222e-06,6.933333e-06,55.6128280548864,135135084.6226943,66.1394999660736
4.408889e-05,3.822222e-06,7.644444e-06,55.6692447397094,136921419.4796282,65.52287400063254
4.408889e-05,3.822222e-06,8.355556e-06,55.7171968201017,138436339.9640781,64.95820319501217
4.408889e-05,3.822222e-06,9.066667e-06,55.7586268026965,139738776.170987,64.43580406636295
4.408889e-05,3.822222e-06,9.777778e-06,55.7949230776758,140871304.1869345,63.94838965519877
4.408889e-05,4.177778e-06,1.12e-05,55.3851244922007,147039376.6715705,62.18349372796425
4.408889e-05,4.177778e-06,1.048889e-05,55.3489319243682,146021064.8319964,62.67455809385118
4.408889e-05,4.177778e-06,4.8e-06,55.2752432623605,129125026.7573074,68.54112932995027
4.408889e-05,4.177778e-06,5.511111e-06,55.381464258182,132406853.6976345,67.63642860486159
4.408889e-05,4.177778e-06,6.222222e-06,55.4654754734838,135016112.3538154,66.84663896210989
4.408889e-05,4.177778e-06,6.933333e-06,55.5338745279145,137146512.8028269,66.14383752645546
4.408889e-05,4.177778e-06,7.644444e-06,55.5908871790291,138922575.1675664,65.50879344943972
4.408889e-05,4.177778e-06,8.355556e-06,55.6393420404753,140428211.8843948,64.9277879303441
4.408889e-05,4.177778e-06,9.066667e-06,55.6812017995168,141722166.7067515,64.3907457170983
4.408889e-05,4.177778e-06,9.777778e-06,55.7178696725967,142846877.277032,63.8900842653897
4.408889e-05,4.533333e-06,1.12e-05,55.3171356644385,148788836.88593,62.07248111102526
4.408889e-05,4.533333e-06,1.048889e-05,55.2807498050023,147778297.9782753,62.57542919831045
4.408889e-05,4.533333e-06,4.8e-06,55.1996248852225,130958245.665365,68.59705812390222
4.408889e-05,4.533333e-06,5.511111e-06,55.3068432688247,134227046.7298391,67.6654608637638
4.408889e-05,4.533333e-06,6.222222e-06,55.3916499513536,136825077.8757432,66.85291426373752
4.408889e-05,4.533333e-06,6.933333e-06,55.460697765895,138945596.5757927,66.13049502235651
4.408889e-05,4.533333e-06,7.644444e-06,55.518249273444,140712817.9968674,65.4782783529089
4.408889e-05,4.533333e-06,8.355556e-06,55.5671586046695,142210440.9591497,64.88204790350741
4.408889e-05,4.533333e-06,9.066667e-06,55.6094067110811,143497054.59707,64.33136171375598
4.408889e-05,4.533333e-06,9.777778e-06,55.6464102302146,144614981.4621159,63.81836059291804
4.408889e-05,4.888889e-06,1.12e-05,55.2537012736181,150370690.8025728,61.95410540187427
4.408889e-05,4.888889e-06,1.048889e-05,55.2171391018546,149367032.2901541,62.46813696321385
4.408889e-05,4.888889e-06,4.8e-06,55.1292875126261,132612283.6703638,68.63506276638452
4.408889e-05,4.888889e-06,5.511111e-06,55.2374154977371,135869859.4561845,67.67825021373226
4.408889e-05,4.888889e-06,6.222222e-06,55.3229475494129,138458175.5007102,66.84437827424863
4.408889e-05,4.888889e-06,6.933333e-06,55.3925868519956,140570112.9369561,66.10358286495493
4.408889e-05,4.888889e-06,7.644444e-06,55.4506295348192,142329632.3541604,65.43528663961924
4.408889e-05,4.888889e-06,8.355556e-06,55.4999530065867,143820253.7056883,64.82480539954025
4.408889e-05,4.888889e-06,9.066667e-06,55.5425548833691,145100436.3460192,64.26135240856651
4.408889e-05,4.888889e-06,9.777778e-06,55.579864050433,146212406.0303788,63.73680841111327
4.408889e-05,5.6e-06,1.12e-05,55.138538239704,153135099.1247491,61.70406450930582
4.408889e-05,5.6e-06,1.048889e-05,55.1016647526151,152143133.1601007,62.23821961170245
4.408889e-05,5.6e-06,4.8e-06,55.0020604579675,135494950.3901848,68.67067659175007
4.408889e-05,5.6e-06,5.511111e-06,55.1117954496969,138734157.7063194,67.6677323578928
4.408889e-05,5.6e-06,6.222222e-06,55.1986087925773,141306481.1126946,66.79487170439016
4.408889e-05,5.6e-06,6.933333e-06,55.269292633867,143404219.0285768,66.02050090757224
4.408889e-05,5.6e-06,7.644444e-06,55.3282024262431,145150935.3202201,65.32284298811138
4.408889e-05,5.6e-06,8.355556e-06,55.378256725308,146629869.8420438,64.68635383064017
4.408889e-05,5.6e-06,9.066667e-06,55.4214826102778,147899277.9289032,64.0996131303079
4.408889e-05,5.6e-06,9.777778e-06,55.4593306251697,149001232.678361,63.55402384663182
4.408889e-05,5.244444e-06,1.12e-05,55.1943126808656,151812328.7303707,61.83072538175447
4.408889e-05,5.244444e-06,1.048889e-05,55.1575886410778,150814819.9399301,62.35513339470651
4.408889e-05,5.244444e-06,4.8e-06,55.0636069041098,134116826.7863418,68.65869490994639
4.408889e-05,5.244444e-06,5.511111e-06,55.1725701978854,137364626.4820793,67.67815397539472
4.408889e-05,5.244444e-06,6.222222e-06,55.2587682933303,139944447.0891749,66.82422321023168
4.408889e-05,5.244444e-06,6.933333e-06,55.328950614891,142048853.9780549,66.06615033826301
4.408889e-05,5.244444e-06,7.644444e-06,55.3874441242306,143801593.2189902,65.38274196128258
4.408889e-05,5.244444e-06,8.355556e-06,55.4371476140623,145286033.5522114,64.75887225551301
4.408889e-05,5.244444e-06,9.066667e-06,55.4800740114882,146560524.3320222,64.18342907885675
4.408889e-05,5.244444e-06,9.777778e-06,55.5176634563257,147667209.0931945,63.64804776055734
4.977778e-05,2.4e-06,1.12e-05,55.000966790636,139096485.9625751,59.01927953627929
4.977778e-05,2.4e-06,1.048889e-05,54.9717805149231,138121056.0640741,59.43011893958635
4.977778e-05,2.4e-06,4.8e-06,55.1388924199527,122477356.6711327,64.12011610378867
4.977778e-05,2.4e-06,5.511111e-06,55.2262320527173,125552938.3738383,63.39074059736824
4.977778e-05,2.4e-06,6.222222e-06,55.2942873378089,128000672.7246723,62.75026493188587
4.977778e-05,2.4e-06,6.933333e-06,55.3489360863252,130000937.8355136,62.17704754570084
4.977778e-05,2.4e-06,7.644444e-06,55.3939114292206,131669790.7941086,61.6562114615859
4.977778e-05,2.4e-06,8.355556e-06,55.4316916724167,133085501.967176,61.17715911418629
4.977778e-05,2.4e-06,9.066667e-06,55.4639825281828,134302902.8866864,60.73211613322513
4.977778e-05,2.4e-06,9.777778e-06,55.4919937808015,135361629.576665,60.31523647343815
4.977778e-05,2.755556e-06,1.12e-05,54.9689254246645,142504057.9340064,58.97682540402926
4.977778e-05,2.755556e-06,1.048889e-05,54.9391312841293,141545333.1587617,59.40657321887457
4.977778e-05,2.755556e-06,4.8e-06,55.081395093396,126076242.8313875,64.33930501254338
4.977778e-05,2.755556e-06,5.511111e-06,55.1712165017995,129119900.0692551,63.56789450754241
4.977778e-05,2.755556e-06,6.222222e-06,55.2413002287479,131540739.0319666,62.89183904507261
4.977778e-05,2.755556e-06,6.933333e-06,55.2976437627864,133517809.639229,62.28793816443338
4.977778e-05,2.755556e-06,7.644444e-06,55.3440607244347,135166290.7412286,61.74023485091436
4.977778e-05,2.755556e-06,8.355556e-06,55.3830857013468,136563846.5668014,61.23735765148578
4.977778e-05,2.755556e-06,9.066667e-06,55.4164650216826,137764875.2331566,60.77096197738943
4.977778e-05,2.755556e-06,9.777778e-06,55.4454385555817,138808693.4906697,60.33477161724792
4.977778e-05,3.111111e-06,1.12e-05,54.9341813780028,145372462.5942518,58.89247984866211
4.977778e-05,3.111111e-06,1.048889e-05,54.9038688872675,144427275.0650309,59.33932233871464
4.977778e-05,3.111111e-06,4.8e-06,55.0253510278503,129093629.2499877,64.49299836915621
4.977778e-05,3.111111e-06,5.511111e-06,55.1172795668715,132112279.0556946,63.68336183401794
4.977778e-05,3.111111e-06,6.222222e-06,55.1890842071876,134511957.1568804,62.97496074053759
4.977778e-05,3.111111e-06,6.933333e-06,55.246864457526,136470704.1012325,62.34317389219358
4.977778e-05,3.111111e-06,7.644444e-06,55.2945025421203,138103029.6096746,61.77105977336508
4.977778e-05,3.111111e-06,8.355556e-06,55.3345810140498,139486135.1933155,61.24654144436394
4.977778e-05,3.111111e-06,9.066667e-06,55.3688808131211,140674087.5916107,60.76075449409768
4.977778e-05,3.111111e-06,9.777778e-06,55.3986674460993,141705959.1308739,60.30703057967834
4.977778e-05,3.466667e-06,1.12e-05,54.8983060495889,147838906.3921604,58.78081693004995
4.977778e-05,3.466667e-06,1.048889e-05,54.8675441485236,146904964.9398002,59.24324053455324
4.977778e-05,3.466667e-06,4.8e-06,54.9712964897777,131679237.5709868,64.59955993241438
4.977778e-05,3.466667e-06,5.511111e-06,55.0650474423409,134677792.1596005,63.75487776648787
4.977778e-05,3.466667e-06,6.222222e-06,55.1383394015072,137060389.0822422,63.01683374830704
4.977778e-05,3.466667e-06,6.933333e-06,55.1973604427999,139004283.7105348,62.35950043205219
4.977778e-05,3.466667e-06,7.644444e-06,55.2460523394977,140623463.7632878,61.76503106840912
4.977778e-05,3.466667e-06,8.355556e-06,55.2870392748752,141994768.9791884,61.22070004543278
4.977778e-05,3.466667e-06,9.066667e-06,55.3221322264749,143172006.554128,60.71716502788055
4.977778e-05,3.466667e-06,9.777778e-06,55.3526189484178,144194057.0925357,60.24739718714538
4.977778e-05,3.822222e-06,1.12e-05,54.8622311079216,149995556.4403694,58.65115087961387
4.977778e-05,3.822222e-06,1.048889e-05,54.8310742898058,149071145.0713312,59.1278722452096
4.977778e-05,3.822222e-06,4.8e-06,54.9194571040243,133933278.3269923,64.67123158429428
4.977778e-05,3.822222e-06,5.511111e-06,55.0148078376344,136915351.0179001,63.79420161635247
4.977778e-05,3.822222e-06,6.222222e-06,55.0894045402233,139283873.2635784,63.0288088393863
4.977778e-05,3.822222e-06,6.933333e-06,55.1495133100767,141215478.4268981,62.34791606813137
4.977778e-05,3.822222e-06,7.644444e-06,55.1991283734692,142823739.3719545,61.73283821335667
4.977778e-05,3.822222e-06,8.355556e-06,55.2409105794316,144185207.6131013,61.17024898034278
4.977778e-05,3.822222e-06,9.066667e-06,55.2766973590008,145353483.1570659,60.65036352713587
4.977778e-05,3.822222e-06,9.777778e-06,55.307796057579,146367293.3056732,60.16581930781081
4.977778e-05,4.177778e-06,1.12e-05,54.8265141817743,151906986.7998382,58.50964527790362
4.977778e-05,4.177778e-06,1.048889e-05,54.7950064417073,150990783.4589785,58.99956173567739
4.977778e-05,4.177778e-06,4.8e-06,54.8698900431205,135925728.6902287,64.71648853971622
4.977778e-05,4.177778e-06,5.511111e-06,54.9666623853478,138894054.0062932,63.80942990972927
4.977778e-05,4.177778e-06,6.222222e-06,55.0424177779973,141250781.2490637,63.01866158419036
4.977778e-05,4.177778e-06,6.933333e-06,55.1034918854524,143172043.8608235,62.31591917796658
4.977778e-05,4.177778e-06,7.644444e-06,55.1539256961238,144771080.0823444,61.68173652601723
4.977778e-05,4.177778e-06,8.355556e-06,55.1964127436755,146124208.3051666,61.10222776386183
4.977778e-05,4.177778e-06,9.066667e-06,55.2328140383718,147284860.5857667,60.56719590488385
4.977778e-05,4.177778e-06,9.777778e-06,55.2644543868596,148291639.7266422,60.06896764599848
4.977778e-05,4.533333e-06,1.12e-05,54.7914873454182,153620014.4596607,58.36049207281987
4.977778e-05,4.533333e-06,1.048889e-05,54.7596648332757,152710976.5405393,58.86264555072619
4.977778e-05,4.533333e-06,4.8e-06,54.8225613755141,137707168.1692171,64.74138198192854
4.977778e-05,4.533333e-06,5.511111e-06,54.9206099619964,140663864.7047081,63.80631101774604
4.977778e-05,4.533333e-06,6.222222e-06,54.9974049330469,143010566.6534733,62.9918834526731
4.977778e-05,4.533333e-06,6.933333e-06,55.05934460503,144923000.9949765,62.26877916595144
4.977778e-05,4.533333e-06,7.644444e-06,55.110512076404,146514132.8143757,61.61680053681692
4.977778e-05,4.533333e-06,8.355556e-06,55.1536303109823,147860089.6206446,61.02153777966649
4.977778e-05,4.533333e-06,9.066667e-06,55.1905815486557,149014165.613864,60.47240810432102
4.977778e-05,4.533333e-06,9.777778e-06,55.2227063162601,150014861.1955037,59.96144737923511
4.977778e-05,4.888889e-06,1.12e-05,54.7573433953497,155169558.6452788,58.20660446699018
4.977778e-05,4.888889e-06,1.048889e-05,54.7252362601825,154266847.646823,58.72015453634342
4.977778e-05,4.888889e-06,4.8e-06,54.7773891721586,139315215.5282652,64.75034428571779
4.977778e-05,4.888889e-06,5.511111e-06,54.8765934625061,142261957.3443799,63.78903121335809
4.977778e-05,4.888889e-06,6.222222e-06,54.9543292791993,144600035.2385196,62.95245174603098
4.977778e-05,4.888889e-06,6.933333e-06,55.0170518457803,146504842.6469027,62.21029255861463
4.977778e-05,4.888889e-06,7.644444e-06,55.0688825055017,148089119.501706,61.54166802282685
4.977778e-05,4.888889e-06,8.355556e-06,55.1125709484921,149428835.4386465,60.93167566423112
4.977778e-05,4.888889e-06,9.066667e-06,55.1500186922845,150577170.3307703,60.36936997780422
4.977778e-05,4.888889e-06,9.777778e-06,55.182580537425,151572539.4636292,59.84651347840013
4.977778e-05,5.6e-06,1.12e-05,54.6920697384918,157879014.6168798,57.89227651500322
4.977778e-05,5.6e-06,1.048889e-05,54.6594660452015,156987017.1768269,58.42647083772181
4.977778e-05,5.6e-06,4.8e-06,54.6930825695912,142119404.1836158,64.732955888223
4.977778e-05,5.6e-06,5.511111e-06,54.7943093067356,145050023.6304077,63.72369143067841
4.977778e-05,5.6e-06,6.222222e-06,54.8736902459015,147374031.9211845,62.84666906755508
4.977778e-05,5.6e-06,6.933333e-06,54.9377806183618,149266317.5423878,62.06974865375609
4.977778e-05,5.6e-06,7.644444e-06,54.9907689684683,150839276.9909338,61.37077951796945
4.977778e-05,5.6e-06,8.355556e-06,55.035451941916,152168637.7166869,60.73395362900223
4.977778e-05,5.6e-06,9.066667e-06,55.0737649212023,153307403.4125602,60.14765909042256
4.977778e-05,5.6e-06,9.777778e-06,55.1070877785771,154293857.7042841,59.60315641201117
4.977778e-05,5.244444e-06,1.12e-05,54.7241876251059,156582293.6248559,58.05004135168015
4.977778e-05,5.244444e-06,1.048889e-05,54.6918213344707,155685223.8435507,58.57424466630819
4.977778e-05,5.244444e-06,4.8e-06,54.7342679373163,140778531.3426105,64.74669271342829
4.977778e-05,5.244444e-06,5.511111e-06,54.8345265772426,143716663.6309727,63.76070490473191
4.977778e-05,5.244444e-06,6.222222e-06,54.9131202530153,146047245.7959999,62.9033084896415
4.977778e-05,5.244444e-06,6.933333e-06,54.9765562553894,147945395.5530712,62.14325215689553
4.977778e-05,5.244444e-06,7.644444e-06,55.0289909162343,149523665.783024,61.45900066097332
4.977778e-05,5.244444e-06,8.355556e-06,55.0731983743362,150857894.4682052,60.83518644871359
4.977778e-05,5.244444e-06,9.066667e-06,55.1110977806376,152001165.8550552,60.26052171946176
4.977778e-05,5.244444e-06,9.777778e-06,55.1440569908635,152991823.8573322,59.72651109398264
5.546667e-05,2.4e-06,1.12e-05,53.4609304679219,141522799.0740254,56.8007151860833
5.546667e-05,2.4e-06,1.048889e-05,53.4406713189361,140613473.8501284,57.20287645150054
5.546667e-05,2.4e-06,4.8e-06,53.8974212901259,126356389.0227145,61.63854409610687
5.546667e-05,2.4e-06,5.511111e-06,53.966685015711,129225465.9660252,60.91531490586903
5.546667e-05,2.4e-06,6.222222e-06,54.0189154762636,131506233.6394275,60.28148366089108
5.546667e-05,2.4e-06,6.933333e-06,54.0595021228874,133367770.3151935,59.71525214294984
5.546667e-05,2.4e-06,7.644444e-06,54.0918320526069,134918861.8933006,59.20163980002953
5.546667e-05,2.4e-06,8.355556e-06,54.1181296670842,136232872.4595776,58.7299786277951
5.546667e-05,2.4e-06,9.066667e-06,54.1399089832224,137361193.6183031,58.29244520002523
5.546667e-05,2.4e-06,9.777778e-06,54.1582315816309,138340972.0295885,57.88315860541186
5.546667e-05,2.755556e-06,1.12e-05,53.5466143509542,144989753.3006073,56.65228030368664
5.546667e-05,2.755556e-06,1.048889e-05,53.5252708093782,144097004.5534511,57.07508670711105
5.546667e-05,2.755556e-06,4.8e-06,53.939441012134,129980137.4241077,61.79200590482151
5.546667e-05,2.755556e-06,5.511111e-06,54.0122722874643,132817561.154578,61.02406169602696
5.546667e-05,2.755556e-06,6.222222e-06,54.0674810930476,135071818.7771995,60.35235209361403
5.546667e-05,2.755556e-06,6.933333e-06,54.1106057293826,136910607.3188695,59.75343185854744
5.546667e-05,2.755556e-06,7.644444e-06,54.1451345840215,138441804.4294687,59.21117889724948
5.546667e-05,2.755556e-06,8.355556e-06,54.1733636705708,139738150.4277409,58.71410689455336
5.546667e-05,2.755556e-06,9.066667e-06,54.1968592322653,140850592.9052373,58.25378918812196
5.546667e-05,2.755556e-06,9.777778e-06,54.2167219319168,141815952.8151191,57.82388955764498
5.546667e-05,3.111111e-06,1.12e-05,53.6094454072083,147899339.5092506,56.48412478448301
5.546667e-05,3.111111e-06,1.048889e-05,53.5871939069615,147020064.4578449,56.92525971153106
5.546667e-05,3.111111e-06,4.8e-06,53.9661028260043,133015034.327052,61.88958110904319
5.546667e-05,3.111111e-06,5.511111e-06,54.041933041006,135827569.0323898,61.08125221056139
5.546667e-05,3.111111e-06,6.222222e-06,54.0996426360426,138060887.4993128,60.37537035651962
5.546667e-05,3.111111e-06,6.933333e-06,54.1448960151001,139881632.0295362,59.74699050408751
5.546667e-05,3.111111e-06,7.644444e-06,54.1812673273344,141396985.2104698,59.1789512614005
5.546667e-05,3.111111e-06,8.355556e-06,54.2111131889008,142679209.1956505,58.65902151506395
5.546667e-05,3.111111e-06,9.066667e-06,54.2360440206418,143778910.7385533,58.17822575245388
5.546667e-05,3.111111e-06,9.777778e-06,54.2571935311523,144732660.4790773,57.72981365585782
5.546667e-05,3.466667e-06,1.12e-05,53.6559844394578,150396193.9553418,56.30273718680921
5.546667e-05,3.466667e-06,1.048889e-05,53.632956357651,149528123.5223485,56.76038097456023
5.546667e-05,3.466667e-06,4.8e-06,53.9820177098827,135613594.8052188,61.94674227972473
5.546667e-05,3.466667e-06,5.511111e-06,54.0604193462953,138406094.9303421,61.10154844492848
5.546667e-05,3.466667e-06,6.222222e-06,54.1202711305551,140622481.7271285,60.36450113565105
5.546667e-05,3.466667e-06,6.933333e-06,54.1673463130985,142428574.0482688,59.7092767557245
5.546667e-05,3.466667e-06,7.644444e-06,54.2052930318447,143931010.5277939,59.11775884321407
5.546667e-05,3.466667e-06,8.355556e-06,54.2365201638287,145201678.4147687,58.57703204775281
5.546667e-05,3.466667e-06,9.066667e-06,54.2626762122408,146290916.8291533,58.07761680414203
5.546667e-05,3.466667e-06,9.777778e-06,54.284923362347,147235099.6119625,57.61238263359775
5.546667e-05,3.822222e-06,1.12e-05,53.6905931078354,152576382.1323772,56.11299625151957
5.546667e-05,3.822222e-06,1.048889e-05,53.6668898240301,151717804.9296665,56.58566602707496
5.546667e-05,3.822222e-06,4.8e-06,53.9902487208777,137877553.3338774,61.97404523841682
5.546667e-05,3.822222e-06,5.511111e-06,54.0708901933612,140653615.2333331,61.09492514166809
5.546667e-05,3.822222e-06,6.222222e-06,54.1326063018619,142856045.6364887,60.32922017190415
5.546667e-05,3.822222e-06,6.933333e-06,54.1812656679797,144650009.2373204,59.64933010447869
5.546667e-05,3.822222e-06,7.644444e-06,54.2205812303262,146141711.3990917,59.03625424345527
5.546667e-05,3.822222e-06,8.355556e-06,54.2530076197229,147402740.1397235,58.47644394754073
5.546667e-05,3.822222e-06,9.066667e-06,54.2802266687529,148483220.6139481,57.95995328900484
5.546667e-05,3.822222e-06,9.777778e-06,54.3034254775531,149419369.1094137,57.47930018025175
5.546667e-05,4.177778e-06,1.12e-05,53.7162744864181,154506691.401039,55.91845403285992
5.546667e-05,4.177778e-06,1.048889e-05,53.6919764189458,153656283.1218331,56.40490881757533
5.546667e-05,4.177778e-06,4.8e-06,53.9928935961195,139877790.4977995,61.97889816806929
5.546667e-05,4.177778e-06,5.511111e-06,54.0755112813904,142640149.3985501,61.06835389420285
5.546667e-05,4.177778e-06,6.222222e-06,54.1388709692839,144830890.9151575,60.27612524950813
5.546667e-05,4.177778e-06,6.933333e-06,54.1889258817832,146614652.8515972,59.57342245554912
5.546667e-05,4.177778e-06,7.644444e-06,54.2294464173305,148097290.5643451,58.94042113038895
5.546667e-05,4.177778e-06,8.355556e-06,54.2629277635912,149350149.795697,58.36298290477789
5.546667e-05,4.177778e-06,9.066667e-06,54.2910812877155,150423182.1440403,57.83072772428756
5.546667e-05,4.177778e-06,9.777778e-06,54.3151161616075,151352475.9020869,57.33584631630682
5.546667e-05,4.533333e-06,1.12e-05,53.735156401585,156235281.6956523,55.72166415804101
5.546667e-05,4.533333e-06,1.048889e-05,53.7103287555229,155391995.152238,56.22084471390207
5.546667e-05,4.533333e-06,4.8e-06,53.9914257889502,141665458.1369958,61.96662948572192
5.546667e-05,4.533333e-06,5.511111e-06,54.0758058154225,144416240.6498805,61.02682359900795
5.546667e-05,4.533333e-06,6.222222e-06,54.1406301114537,146597059.7989569,60.20991509606901
5.546667e-05,4.533333e-06,6.933333e-06,54.1919277221157,148372124.3092851,59.48600002094468
5.546667e-05,4.533333e-06,7.644444e-06,54.23352052606,149847003.5665256,58.8344827475113
5.546667e-05,4.533333e-06,8.355556e-06,54.2679400356285,151092844.8625324,58.24067292419335
5.546667e-05,4.533333e-06,9.066667e-06,54.2969240629934,152159457.3446057,57.69378430881702
5.546667e-05,4.533333e-06,9.777778e-06,54.3217015378031,153082824.0709057,57.18570161575884
5.546667e-05,4.888889e-06,1.12e-05,53.7487830212841,157797933.8757863,55.52445234247907
5.546667e-05,4.888889e-06,1.048889e-05,53.7234796192785,156960925.5800537,56.03544081286861
5.546667e-05,4.888889e-06,4.8e-06,53.9869024664688,143278557.2871082,61.94115412358013
5.546667e-05,4.888889e-06,5.511111e-06,54.0728683743164,146019448.0320054,60.97397818546882
5.546667e-05,4.888889e-06,6.222222e-06,54.1390096953667,148191747.0025916,60.13400227680987
5.546667e-05,4.888889e-06,6.933333e-06,54.1914240280672,149959310.4211053,59.39027423790972
5.546667e-05,4.888889e-06,7.644444e-06,54.233979780093,151427471.8723799,58.72147312231191
5.546667e-05,4.888889e-06,8.355556e-06,54.2692412851965,152667214.5518463,58.1123896629284
5.546667e-05,4.888889e-06,9.066667e-06,54.298970243729,153728229.5489178,57.55185591230362
5.546667e-05,4.888889e-06,9.777778e-06,54.3244134283496,154646412.5421722,57.03146912807436
5.546667e-05,5.6e-06,1.12e-05,53.7645626501662,163174727.4433292,55.48424965115324
5.546667e-05,5.6e-06,1.048889e-05,53.738436175674,161274006.1038199,55.87113560730705
5.546667e-05,5.6e-06,4.8e-06,53.9715787926823,146090311.3590478,61.86160151743749
5.546667e-05,5.6e-06,5.511111e-06,54.060295943506,148815237.6566927,60.8445150726686
5.546667e-05,5.6e-06,6.222222e-06,54.1287198319385,150973683.4476853,59.9625206854671
5.546667e-05,5.6e-06,6.933333e-06,54.1830677623898,152728970.8470627,59.1827382902543
5.546667e-05,5.6e-06,7.644444e-06,54.2272893538911,154186073.9177047,58.48251366309212
5.546667e-05,5.6e-06,8.355556e-06,54.2640062033541,155415724.4665751,57.84568424913056
5.546667e-05,5.6e-06,9.066667e-06,54.2950216731581,156467432.0343913,57.26038130580184
5.546667e-05,5.6e-06,9.777778e-06,54.3216136440654,157376957.5002661,56.71767464733372
5.546667e-05,5.244444e-06,1.12e-05,53.7582978790523,160182198.3556101,55.45244764212459
5.546667e-05,5.244444e-06,1.048889e-05,53.7325638131311,158390481.1558151,55.85011040423279
5.546667e-05,5.244444e-06,4.8e-06,53.9800958693773,144746014.852652,61.90540204712686
5.546667e-05,5.244444e-06,5.511111e-06,54.0674999688333,147478369.9135985,60.91252685789411
5.546667e-05,5.244444e-06,6.222222e-06,54.1348348548227,149643279.7340344,60.05090763307155
5.546667e-05,5.244444e-06,6.933333e-06,54.1882605736381,151404308.9351128,59.28860229925161
5.546667e-05,5.244444e-06,7.644444e-06,54.2316879049274,152866595.232435,58.60360518394054
5.546667e-05,5.244444e-06,8.355556e-06,54.2677110631926,154100985.0838332,57.98021734416463
5.546667e-05,5.244444e-06,9.066667e-06,54.2981134912108,155157070.9558105,57.40691078143023
5.546667e-05,5.244444e-06,9.777778e-06,54.3241581979202,156070675.3780663,56.87501171238222
6.115556e-05,2.4e-06,1.12e-05,50.8079769125762,140273577.067956,58.7640051624283
6.115556e-05,2.4e-06,1.048889e-05,50.8054854829775,139374092.2850437,59.09690076606099
6.115556e-05,2.4e-06,4.8e-06,51.7917181651836,126787240.5432781,61.27284700188736
6.115556e-05,2.4e-06,5.511111e-06,51.829825305045,129532518.0204027,60.64218175203238
6.115556e-05,2.4e-06,6.222222e-06,51.8545928737066,131713601.377495,60.09309644739326
6.115556e-05,2.4e-06,6.933333e-06,51.8706248937529,133492763.9501472,59.60516035595656
6.115556e-05,2.4e-06,7.644444e-06,51.8807493514599,134974394.604283,59.1644166066909
6.115556e-05,2.4e-06,8.355556e-06,51.8867786375485,136228877.3326775,58.76098565664297
6.115556e-05,2.4e-06,9.066667e-06,51.8899144612952,137305504.5082521,58.38766578693026
6.115556e-05,2.4e-06,9.777778e-06,51.8909760472962,138239896.2094897,58.03907600919668
6.115556e-05,2.755556e-06,1.12e-05,51.1197870280809,144456135.5601833,57.61655525608588
6.115556e-05,2.755556e-06,1.048889e-05,51.1143749878546,143580672.3253472,57.9826746418492
6.115556e-05,2.755556e-06,4.8e-06,52.0046815454577,130882756.5436293,60.95368238944697
6.115556e-05,2.755556e-06,5.511111e-06,52.049166356585,133595461.6026251,60.25324605451167
6.115556e-05,2.755556e-06,6.222222e-06,52.079421920429,135749467.5470657,59.64394985574445
6.115556e-05,2.755556e-06,6.933333e-06,52.1002610267808,137505511.6360137,59.10319487676628
6.115556e-05,2.755556e-06,7.644444e-06,52.1146564155367,138966985.235341,58.61549996741248
6.115556e-05,2.755556e-06,8.355556e-06,52.1245246313486,140203595.4922288,58.16987756750412
6.115556e-05,2.755556e-06,9.066667e-06,52.131144619179,141264158.6676501,57.75829788991405
6.115556e-05,2.755556e-06,9.777778e-06,52.1353943305555,142183949.6678666,57.37474646412983
6.115556e-05,3.111111e-06,1.12e-05,51.3620570640462,147833975.6135568,56.7417488819089
6.115556e-05,3.111111e-06,1.048889e-05,51.3543749239733,146976969.2449892,57.136559572298
6.115556e-05,3.111111e-06,4.8e-06,52.170002660838,134224792.8617957,60.73274153882043
6.115556e-05,3.111111e-06,5.511111e-06,52.2195853238861,136911306.9591224,59.97443868173037
6.115556e-05,3.111111e-06,6.222222e-06,52.2542121771561,139043429.5037341,59.31532799687989
6.115556e-05,3.111111e-06,6.933333e-06,52.2788683144049,140780709.019018,58.73095955708237
6.115556e-05,3.111111e-06,7.644444e-06,52.296645611965,142225761.737222,58.20455552213314
6.115556e-05,3.111111e-06,8.355556e-06,52.3095461174281,143447766.8408719,57.72418896967333
6.115556e-05,3.111111e-06,9.066667e-06,52.3189120309938,144495167.8691694,57.28113038606968
6.115556e-05,3.111111e-06,9.777778e-06,52.3256692945553,145402968.5799075,56.86883167700087
6.115556e-05,3.466667e-06,1.12e-05,51.5551937136386,150647902.2183793,56.05081003227616
6.115556e-05,3.466667e-06,1.048889e-05,51.5456938838787,149805693.3864179,56.47036581064114
6.115556e-05,3.466667e-06,4.8e-06,52.301222233618,137034355.3987496,60.5660189127375
6.115556e-05,3.466667e-06,5.511111e-06,52.3550106094202,139699354.1014299,59.75842340971776
6.115556e-05,3.466667e-06,6.222222e-06,52.3932328021153,141813405.6303451,59.05701150639059
6.115556e-05,3.466667e-06,6.933333e-06,52.4210198430969,143535118.5587468,58.43570584961545
6.115556e-05,3.466667e-06,7.644444e-06,52.4415643006018,144966494.0392944,57.8765919502332
6.115556e-05,3.466667e-06,8.355556e-06,52.4569403470698,146176290.9674688,57.3669218893643
6.115556e-05,3.466667e-06,9.066667e-06,52.4685434443804,147212655.2925958,56.89735635881641
6.115556e-05,3.466667e-06,9.777778e-06,52.4773398742839,148110373.6676256,56.46088352747401
6.115556e-05,3.822222e-06,1.12e-05,51.7123638831487,153050363.9346592,55.48552135929749
6.115556e-05,3.822222e-06,1.048889e-05,51.7013702362484,152220386.8254949,55.92655848477605
6.115556e-05,3.822222e-06,4.8e-06,52.4072096625556,139450372.750295,60.42949624920166
6.115556e-05,3.822222e-06,5.511111e-06,52.4645537254893,142097430.6293136,59.5789341810745
6.115556e-05,3.822222e-06,6.222222e-06,52.5058077316128,144196337.2800969,58.84076815265655
6.115556e-05,3.822222e-06,6.933333e-06,52.5362287729627,145904945.6675565,58.18745919165138
6.115556e-05,3.822222e-06,7.644444e-06,52.5590962521151,147324760.944041,57.60007443057305
6.115556e-05,3.822222e-06,8.355556e-06,52.5765464464216,148524202.154101,57.06513215495363
6.115556e-05,3.822222e-06,9.066667e-06,52.5900206154929,149551174.0083748,56.57274933142202
6.115556e-05,3.822222e-06,9.777778e-06,52.6005196817376,150440286.7527698,56.11550160735905
6.115556e-05,4.177778e-06,1.12e-05,51.8424219115046,155141844.0200897,55.00785948279647
6.115556e-05,4.177778e-06,1.048889e-05,51.8301732278828,154322205.3736525,55.46772787893034
6.115556e-05,4.177778e-06,4.8e-06,52.4940241888249,141564846.0052862,60.30991897898563
6.115556e-05,4.177778e-06,5.511111e-06,52.5544327527177,144196766.0285635,59.42119538983697
6.115556e-05,4.177778e-06,6.222222e-06,52.5982940533523,146282832.2246656,58.65048416202345
6.115556e-05,4.177778e-06,6.933333e-06,52.6309757653832,147980282.0899818,57.96891318963411
6.115556e-05,4.177778e-06,7.644444e-06,52.6558333643584,149390215.5905347,57.35662254848595
6.115556e-05,4.177778e-06,8.355556e-06,52.6750574706945,150580773.4565257,56.79946383560184
6.115556e-05,4.177778e-06,9.066667e-06,52.6901293730485,151599662.4061987,56.28706097911138
6.115556e-05,4.177778e-06,9.777778e-06,52.7020802390044,152481347.6099874,55.81161628172093
6.115556e-05,4.533333e-06,1.12e-05,51.9515381099967,156991105.2883255,54.59280665294057
6.115556e-05,4.533333e-06,1.048889e-05,51.9382153434492,156180353.2332387,55.06935899167063
6.115556e-05,4.533333e-06,4.8e-06,52.5659497221545,143441443.2162942,60.19989866119219
6.115556e-05,4.533333e-06,5.511111e-06,52.6290403635383,146060461.8285858,59.27677128570051
6.115556e-05,4.533333e-06,6.222222e-06,52.6751793546375,148135533.6544586,58.47679976495333
6.115556e-05,4.533333e-06,6.933333e-06,52.7098325863206,149823389.4798622,57.76988209388074
6.115556e-05,4.533333e-06,7.644444e-06,52.7364230283248,151224794.7348887,57.13530442957811
6.115556e-05,4.533333e-06,8.355556e-06,52.7571894686492,152407659.823569,56.55830525940208
6.115556e-05,4.533333e-06,9.066667e-06,52.773648643779,153419527.2770176,56.02805582150284
6.115556e-05,4.533333e-06,9.777778e-06,52.7868584819722,154294741.7401462,55.53641617145555
6.115556e-05,4.888889e-06,1.12e-05,52.0441451496028,158854988.8137038,54.25201745094802
6.115556e-05,4.888889e-06,1.048889e-05,52.0298888683292,157843824.8720996,54.7151659323641
6.115556e-05,4.888889e-06,4.8e-06,52.6261020124446,145125885.005974,60.09529338164939
6.115556e-05,4.888889e-06,5.511111e-06,52.6915695605639,147733810.9483294,59.14078147692707
6.115556e-05,4.888889e-06,6.222222e-06,52.739723863797,149799386.7861331,58.31418244623385
6.115556e-05,4.888889e-06,6.933333e-06,52.7761189417863,151478922.4654176,57.58424977763335
6.115556e-05,4.888889e-06,7.644444e-06,52.8042382727758,152872904.7689906,56.92947604332301
6.115556e-05,4.888889e-06,8.355556e-06,52.8263637918704,154049051.8058441,56.33453070219498
6.115556e-05,4.888889e-06,9.066667e-06,52.8440439645808,155054768.7592586,55.78816541197678
6.115556e-05,4.888889e-06,9.777778e-06,52.8583606551986,155924299.2749831,55.28192343414795
6.115556e-05,5.6e-06,1.12e-05,52.1920994984451,165440034.7572523,54.13873319682873
6.115556e-05,5.6e-06,1.048889e-05,52.1762897479695,163620379.1249443,54.50402635499911
6.115556e-05,5.6e-06,4.8e-06,52.7198116655916,148045656.9795213,59.89409150628656
6.115556e-05,5.6e-06,5.511111e-06,52.7893299580777,150635579.8814223,58.88386794028288
6.115556e-05,5.6e-06,6.222222e-06,52.8409120269293,152685642.1562141,58.0101470162341
6.115556e-05,5.6e-06,6.933333e-06,52.8802643607137,154351505.5125632,57.23960011679142
6.115556e-05,5.6e-06,7.644444e-06,52.9109750104591,155733225.5779143,56.54927844007191
6.115556e-05,5.6e-06,8.355556e-06,52.9354004067687,156898221.8585291,55.92281961845844
6.115556e-05,5.6e-06,9.066667e-06,52.9551437468617,157893685.6288784,55.34821572008635
6.115556e-05,5.6e-06,9.777778e-06,52.9713281482918,159097897.2159123,54.86372785016394
6.115556e-05,5.244444e-06,1.12e-05,52.1235110887895,162314223.5254769,54.19086714747707
6.115556e-05,5.244444e-06,1.048889e-05,52.1084329045894,160473682.518694,54.54832000461733
6.115556e-05,5.244444e-06,4.8e-06,52.6768015536729,146652038.9020708,59.99378482452497
6.115556e-05,5.244444e-06,5.511111e-06,52.7443974499856,149250351.8775988,59.01037319629513
6.115556e-05,5.244444e-06,6.222222e-06,52.794353818046,151307661.3905087,58.15930769023219
6.115556e-05,5.244444e-06,6.933333e-06,52.8323044354046,152979925.350628,57.40826957507389
6.115556e-05,5.244444e-06,7.644444e-06,52.8617875002858,154367396.742318,56.73500880129603
6.115556e-05,5.244444e-06,8.355556e-06,52.885123940287,155537631.9422126,56.12366295218929
6.115556e-05,5.244444e-06,9.066667e-06,52.9038908763279,156537920.3845162,55.56259194928421
6.115556e-05,5.244444e-06,9.777778e-06,52.9191917766921,157402420.4507876,55.04304361875187
6.684444e-05,2.4e-06,1.12e-05,45.7268482947995,132849052.9993414,71.34410436488564
6.684444e-05,2.4e-06,1.048889e-05,45.7604730721855,131727286.6536043,71.7431986101641
6.684444e-05,2.4e-06,4.8e-06,47.9403717099636,118612874.5100391,71.38984082256381
6.684444e-05,2.4e-06,5.511111e-06,47.9034713104631,121683274.8765887,70.89798159369334
6.684444e-05,2.4e-06,6.222222e-06,47.8622275197725,124141962.7892123,70.4574528909666
6.684444e-05,2.4e-06,6.933333e-06,47.8193782080661,126162347.1225653,70.05624519137903
6.684444e-05,2.4e-06,7.644444e-06,47.776408831454,127856567.1775166,69.68597676250188
6.684444e-05,2.4e-06,8.355556e-06,47.7341339720336,129300590.9161015,69.34060795615385
6.684444e-05,2.4e-06,9.066667e-06,47.6929936833886,130547850.0381671,69.01566983792428
6.684444e-05,2.4e-06,9.777778e-06,47.6532127143662,131637107.5365847,68.70778050540787
6.684444e-05,2.755556e-06,1.12e-05,46.5156963370745,138642363.1950236,68.86142113189274
6.684444e-05,2.755556e-06,1.048889e-05,46.5461383873848,137568011.4934243,69.27159869982363
6.684444e-05,2.755556e-06,4.8e-06,48.5557602482239,124655161.6734257,69.16467806934693
6.684444e-05,2.755556e-06,5.511111e-06,48.5328739404472,127610227.11198,68.63134919684629
6.684444e-05,2.755556e-06,6.222222e-06,48.5035762415477,129975103.1104817,68.15755229813205
6.684444e-05,2.755556e-06,6.933333e-06,48.4710751378011,131917232.1958613,67.72894196459411
6.684444e-05,2.755556e-06,7.644444e-06,48.4371873434635,133544833.4434555,67.33561046786559
6.684444e-05,2.755556e-06,8.355556e-06,48.4029688892864,134931188.8891346,66.97048028320684
6.684444e-05,2.755556e-06,9.066667e-06,48.3690407665944,136127826.0330403,66.62835272736858
6.684444e-05,2.755556e-06,9.777778e-06,48.3357664918992,137172118.870475,66.30531828841028
6.684444e-05,3.111111e-06,1.12e-05,47.1642099191912,143310072.2740608,66.65168094628021
6.684444e-05,3.111111e-06,1.048889e-05,47.1909738180775,142275688.0052779,67.0708479111256
6.684444e-05,3.111111e-06,4.8e-06,49.0385311074922,129504412.1797876,67.29836996128874
6.684444e-05,3.111111e-06,5.511111e-06,49.0277562686686,132369291.2970052,66.71789323272013
6.684444e-05,3.111111e-06,6.222222e-06,49.0088918843169,134660086.1916264,66.2061769142162
6.684444e-05,3.111111e-06,6.933333e-06,48.9855182133368,136539910.6933661,65.74632972690685
6.684444e-05,3.111111e-06,7.644444e-06,48.9597155427795,138114108.4026904,65.32675472805947
6.684444e-05,3.111111e-06,8.355556e-06,48.9327329538407,139453971.5471745,64.93921011833443
6.684444e-05,3.111111e-06,9.066667e-06,48.9053368118076,140609604.0466433,64.5776690915995
6.684444e-05,3.111111e-06,9.777778e-06,48.8780026638432,141617332.7427095,64.23761731498543
6.684444e-05,3.466667e-06,1.12e-05,47.6994223270853,147151491.3853033,64.69458133105655
6.684444e-05,3.466667e-06,1.048889e-05,47.722433783054,146151400.6526926,65.12196135997824
6.684444e-05,3.466667e-06,4.8e-06,49.4237754223026,133475767.818729,65.75171142711356
6.684444e-05,3.466667e-06,5.511111e-06,49.4232210614578,136270184.6764873,65.12070183489746
6.684444e-05,3.466667e-06,6.222222e-06,49.413219527599,138502526.8157457,64.56800863594263
6.684444e-05,3.466667e-06,6.933333e-06,49.3976485599373,140332769.120049,64.07419542480818
6.684444e-05,3.466667e-06,7.644444e-06,49.3787993786979,141864151.968343,63.62595277709556
6.684444e-05,3.466667e-06,8.355556e-06,49.3580758404239,143166500.3997634,63.21384384403374
6.684444e-05,3.466667e-06,9.066667e-06,49.3363610980974,144288860.6962935,62.83098227160895
6.684444e-05,3.466667e-06,9.777778e-06,49.31422089503,145266776.1716363,62.47221956281394
6.684444e-05,3.822222e-06,1.12e-05,48.1440521505508,150369695.691551,62.96602300967611
6.684444e-05,3.822222e-06,1.048889e-05,48.1634811513261,149399334.9026277,63.4016518487154
6.684444e-05,3.822222e-06,4.8e-06,49.7365178056063,136787057.9560707,64.47635937006585
6.684444e-05,3.822222e-06,5.511111e-06,49.7445310781539,139526066.2149149,63.7938701719612
6.684444e-05,3.822222e-06,6.222222e-06,49.7419885576579,141712021.6581917,63.19905023225396
6.684444e-05,3.822222e-06,6.933333e-06,49.7330099501466,143502596.251716,62.6700497183818
6.684444e-05,3.822222e-06,7.644444e-06,49.7200579601328,144999477.5015632,62.191917129472
6.684444e-05,3.822222e-06,8.355556e-06,49.7046622626237,146271400.582291,61.75405808189642
6.684444e-05,3.822222e-06,9.066667e-06,49.6878009692252,147366621.549918,61.34874593857216
6.684444e-05,3.822222e-06,9.777778e-06,49.6701131932375,148320095.0098737,60.97020694821102
6.684444e-05,4.177778e-06,1.12e-05,48.516484612941,153107693.8109032,61.44098816213101
6.684444e-05,4.177778e-06,1.048889e-05,48.532619247822,152163270.913911,61.88530235978583
6.684444e-05,4.177778e-06,4.8e-06,49.9945197540268,139593614.1847207,63.42438268990956
6.684444e-05,4.177778e-06,5.511111e-06,50.0097337244971,142288533.7083818,62.69137251451432
6.684444e-05,4.177778e-06,6.222222e-06,50.0134733946546,144437276.6537861,62.0548668084434
6.684444e-05,4.177778e-06,6.933333e-06,50.0100592288446,146195793.5180464,61.49079441671623
6.684444e-05,4.177778e-06,7.644444e-06,50.002095985446,147664605.7571608,60.98267985109566
6.684444e-05,4.177778e-06,8.355556e-06,49.9912174438473,148911626.5581846,60.51884621382025
6.684444e-05,4.177778e-06,9.066667e-06,49.9784802200914,149984513.4088253,60.09077547043718
6.684444e-05,4.177778e-06,9.777778e-06,49.9645840482542,150917773.1018112,59.69210108761605
6.684444e-05,4.533333e-06,1.12e-05,48.8312705884473,155469176.5030141,60.09512563453034
6.684444e-05,4.533333e-06,1.048889e-05,48.8445227425795,154547676.3074393,60.5484465064802
6.684444e-05,4.533333e-06,4.8e-06,50.2104770164583,142008370.726459,62.55295450824562
6.684444e-05,4.533333e-06,5.511111e-06,50.2317871143128,144667690.3179363,61.77161703568581
6.684444e-05,4.533333e-06,6.222222e-06,50.2408497473577,146786168.5086233,61.09495922387205
6.684444e-05,4.533333e-06,6.933333e-06,50.2421551411577,148518441.1452169,60.49689526652212
6.684444e-05,4.533333e-06,7.644444e-06,50.238427923856,149964136.3032229,59.95955938572774
6.684444e-05,4.533333e-06,8.355556e-06,50.2313895719532,151190535.3837447,59.47028176861333
6.684444e-05,4.533333e-06,9.066667e-06,50.222162740778,152244834.3530454,59.01981478314013
6.684444e-05,4.533333e-06,9.777778e-06,50.2114981006629,153161193.6324349,58.60124276549644
6.684444e-05,4.888889e-06,1.12e-05,49.0998589189516,157531189.9813058,58.90548188656361
6.684444e-05,4.888889e-06,1.048889e-05,49.110473473925,156629709.1232998,59.36852364138135
6.684444e-05,4.888889e-06,4.8e-06,50.3935839942883,144114579.0471143,61.82597218488494
6.684444e-05,4.888889e-06,5.511111e-06,50.4201039394065,146744704.9750159,60.99916746424085
6.684444e-05,4.888889e-06,6.222222e-06,50.4337155138462,148838206.2839133,60.28452619676668
6.684444e-05,4.888889e-06,6.933333e-06,50.4390549565884,150548693.372486,59.65414475358602
6.684444e-05,4.888889e-06,7.644444e-06,50.4389497641002,151975095.747953,59.08889809161815
6.684444e-05,4.888889e-06,8.355556e-06,50.4351965273764,153184199.6047286,58.5752138193563
6.684444e-05,4.888889e-06,9.066667e-06,50.4289743726025,154222838.2939928,58.10317881462799
6.684444e-05,4.888889e-06,9.777778e-06,50.4210774639077,155124899.4419715,57.66537488670266
6.684444e-05,5.6e-06,1.12e-05,49.5316261500576,163735296.8129966,57.4529281552266
6.684444e-05,5.6e-06,1.048889e-05,49.537831401893,161908379.0071127,57.74261733452209
6.684444e-05,5.6e-06,4.8e-06,50.6866005226886,147634500.408592,60.69365784963695
6.684444e-05,5.6e-06,5.511111e-06,50.7215401184197,150219822.5124876,59.78528370841979
6.684444e-05,5.6e-06,6.222222e-06,50.742495359736,152274683.1465958,59.00211464843399
6.684444e-05,5.6e-06,6.933333e-06,50.7543426283884,153951217.5679412,58.3131180202064
6.684444e-05,5.6e-06,7.644444e-06,50.7600780576592,155347347.4746716,57.69699517794305
6.684444e-05,5.6e-06,8.355556e-06,50.7616210295416,156529142.6981713,57.13861165697337
6.684444e-05,5.6e-06,9.066667e-06,50.7602427535594,157542910.6429073,56.6268996052728
6.684444e-05,5.6e-06,9.777778e-06,50.7568081579282,158422142.2213385,56.15356664824224
6.684444e-05,5.244444e-06,1.12e-05,49.3310064636561,160300352.2964675,58.03884477212175
6.684444e-05,5.244444e-06,1.048889e-05,49.3392826009812,158467770.8607368,58.32477056829904
6.684444e-05,5.244444e-06,4.8e-06,50.5506052146256,145974337.9637354,61.21402974299806
6.684444e-05,5.244444e-06,5.511111e-06,50.5816228377457,148580164.0353505,60.34487857234797
6.684444e-05,5.244444e-06,6.222222e-06,50.5991591218863,150652757.2288191,59.59471320152443
6.684444e-05,5.244444e-06,6.933333e-06,50.6079777650136,152344912.4337506,58.9339887181016
6.684444e-05,5.244444e-06,7.644444e-06,50.6109958590663,153755002.4702559,58.34244053776248
6.684444e-05,5.244444e-06,8.355556e-06,50.6100752903407,154949418.1357006,57.80567774291438
6.684444e-05,5.244444e-06,9.066667e-06,50.6064441897746,155974702.6981128,57.31318243661831
6.684444e-05,5.244444e-06,9.777778e-06,50.6009344072276,156864525.1371289,56.85707881794833
7.253333e-05,2.4e-06,1.12e-05,39.4105649062395,120292941.7900691,82.491683819763
7.253333e-05,2.4e-06,1.048889e-05,39.4393310795659,118976157.7281957,82.98958264537079
7.253333e-05,2.4e-06,4.8e-06,41.7717577290055,104502521.4628119,85.09449012089884
7.253333e-05,2.4e-06,5.511111e-06,41.7010073149564,108226340.7386909,84.25935035957649
7.253333e-05,2.4e-06,6.222222e-06,41.6332112801442,111197655.9479541,83.53128733456802
7.253333e-05,2.4e-06,6.933333e-06,41.5691274333282,113631812.994147,82.88549916552074
7.253333e-05,2.4e-06,7.644444e-06,41.5089175754409,115667701.7951319,82.30448899983928
7.253333e-05,2.4e-06,8.355556e-06,41.4524766943249,117399159.4050569,81.77554797415722
7.253333e-05,2.4e-06,9.066667e-06,41.3995855103076,118892008.940248,81.28921318682762
7.253333e-05,2.4e-06,9.777778e-06,41.3499834605053,120193876.911585,80.83828659677933
7.253333e-05,2.755556e-06,1.12e-05,40.2165116484314,127837628.783088,80.0131929018295
7.253333e-05,2.755556e-06,1.048889e-05,40.249076982899,126576008.5945402,80.54228232759031
7.253333e-05,2.755556e-06,4.8e-06,42.6740497971471,112287799.9191305,82.91895037309486
7.253333e-05,2.755556e-06,5.511111e-06,42.5998881845212,115895323.7605041,82.02846692222806
7.253333e-05,2.755556e-06,6.222222e-06,42.5286666503776,118772887.8274175,81.25219639841697
7.253333e-05,2.755556e-06,6.933333e-06,42.461218960625,121129032.2332361,80.5639805594338
7.253333e-05,2.755556e-06,7.644444e-06,42.2461102064411,122760162.7817968,80.23508808950314
7.253333e-05,2.755556e-06,8.355556e-06,42.1896613337903,124447941.5482449,79.66449675860969
7.253333e-05,2.755556e-06,9.066667e-06,42.1365991481406,125901939.6613083,79.14072400930287
7.253333e-05,2.755556e-06,9.777778e-06,42.0867111430482,127168777.3688116,78.65589550235124
7.253333e-05,3.111111e-06,1.12e-05,40.9555460814288,134067820.0207602,77.68970678064426
7.253333e-05,3.111111e-06,1.048889e-05,40.9912566650005,132850410.8150255,78.24568947432546
7.253333e-05,3.111111e-06,4.8e-06,43.3108368407635,118261716.1236182,81.20629716718584
7.253333e-05,3.111111e-06,5.511111e-06,43.2406217027804,121802573.4002347,80.254936610864
7.253333e-05,3.111111e-06,6.222222e-06,43.1723212309149,124626629.0852115,79.42608920885283
7.253333e-05,3.111111e-06,6.933333e-06,43.1070757109646,126938373.1781065,78.69185772817663
7.253333e-05,3.111111e-06,7.644444e-06,43.0452840094662,128869865.8153748,78.03242465093776
7.253333e-05,3.111111e-06,8.355556e-06,42.9869934640398,130510434.5477836,77.43331513967665
7.253333e-05,3.111111e-06,9.066667e-06,42.9320854709739,131922805.8412609,76.88370184076119
7.253333e-05,3.111111e-06,9.777778e-06,42.8803674346552,133152409.3219823,76.37531704751565
7.253333e-05,3.466667e-06,1.12e-05,41.6337544711056,139306172.9876875,75.52587152639603
7.253333e-05,3.466667e-06,1.048889e-05,41.6719457271256,138124735.5706436,76.10487998928683
7.253333e-05,3.466667e-06,4.8e-06,44.027920290194,123601027.3842905,79.28359973441344
7.253333e-05,3.466667e-06,5.511111e-06,43.95856280341,127059518.965955,78.29640160757815
7.253333e-05,3.466667e-06,6.222222e-06,43.8905196204943,129818261.5612962,77.43571671222085
7.253333e-05,3.466667e-06,6.933333e-06,43.8251339202719,132076446.358791,76.67300700884496
7.253333e-05,3.466667e-06,7.644444e-06,43.7629329308212,133962822.2291216,75.98792483014655
7.253333e-05,3.466667e-06,8.355556e-06,43.7040483231107,135564544.5639877,75.36556394494998
7.253333e-05,3.466667e-06,9.066667e-06,43.6484185941951,136942857.6581303,74.79474697471909
7.253333e-05,3.466667e-06,9.777778e-06,43.5958907595202,138142146.1679585,74.26692132408287
7.253333e-05,3.822222e-06,1.12e-05,42.2561170412118,143773583.2240105,73.51922893526152
7.253333e-05,3.822222e-06,1.048889e-05,42.2961399798252,142621794.9601077,74.1178188060188
7.253333e-05,3.822222e-06,4.8e-06,44.664430833412,128121254.4160842,77.48822614802852
7.253333e-05,3.822222e-06,5.511111e-06,44.5976678593349,131507870.2754063,76.47343274966866
7.253333e-05,3.822222e-06,6.222222e-06,44.5314020556433,134210142.302184,75.58790572181596
7.253333e-05,3.822222e-06,6.933333e-06,44.4672222115246,136422422.865202,74.8027274498945
7.253333e-05,3.822222e-06,7.644444e-06,44.4058156890154,138270444.3731243,74.09721587529569
7.253333e-05,3.822222e-06,8.355556e-06,44.3474226438313,139839389.0005453,73.45618133408007
7.253333e-05,3.822222e-06,9.066667e-06,44.2920573951371,141189158.7696178,72.8682096501102
7.253333e-05,3.822222e-06,9.777778e-06,44.2396213360406,142363195.1199241,72.3245511483831
7.253333e-05,4.177778e-06,1.12e-05,42.8269636666358,147627518.1047102,71.66322335249953
7.253333e-05,4.177778e-06,1.048889e-05,42.8682067749126,146500461.5704428,72.2783544862803
7.253333e-05,4.177778e-06,4.8e-06,45.2282726754692,131996866.8644171,75.81679475173526
7.253333e-05,4.177778e-06,5.511111e-06,45.1654391421523,135319281.6083477,74.78107735431327
7.253333e-05,4.177778e-06,6.222222e-06,45.1021444438826,137971525.8313716,73.87646475568191
7.253333e-05,4.177778e-06,6.933333e-06,45.0402459239734,140143475.201218,73.07382536051931
7.253333e-05,4.177778e-06,7.644444e-06,44.9806094795585,141958071.6434731,72.35227632427954
7.253333e-05,4.177778e-06,8.355556e-06,44.9235985248658,143498673.2917573,71.69645048398881
7.253333e-05,4.177778e-06,9.066667e-06,44.8693151436728,144823942.9110268,71.09478070797533
7.253333e-05,4.177778e-06,9.777778e-06,44.8177248467518,145976452.5389358,70.53838691140578
7.253333e-05,4.533333e-06,1.12e-05,43.3502324008949,150983975.5592348,69.9490254815581
7.253333e-05,4.533333e-06,1.048889e-05,43.3921382033071,149877792.8152635,70.57803517054352
7.253333e-05,4.533333e-06,4.8e-06,45.7277601275558,135357526.2256274,74.26278747200791
7.253333e-05,4.533333e-06,5.511111e-06,45.6696832184426,138621132.5749871,73.21162188658626
7.253333e-05,4.533333e-06,6.222222e-06,45.6101387978858,141227864.622681,72.29271346542595
7.253333e-05,4.533333e-06,6.933333e-06,45.5512517994302,143363393.9742236,71.47682307213458
7.253333e-05,4.533333e-06,7.644444e-06,45.4940687544697,145148037.6373267,70.74296000924588
7.253333e-05,4.533333e-06,8.355556e-06,45.4390795983671,146663436.3540598,70.07565684768909
7.253333e-05,4.533333e-06,9.066667e-06,45.3864777533163,147967085.7006502,69.46325659594133
7.253333e-05,4.533333e-06,9.777778e-06,45.3362963514289,149100738.9849086,68.89680010213874
7.253333e-05,4.888889e-06,1.12e-05,43.8296070577768,153930755.5962023,68.36669018339833
7.253333e-05,4.888889e-06,1.048889e-05,43.8716829622962,152842403.9994271,69.00726234156514
7.253333e-05,4.888889e-06,4.8e-06,46.1699662900472,138298445.8827689,72.8208218807295
7.253333e-05,4.888889e-06,5.511111e-06,46.1173595853727,141508068.971656,71.75777839899635
7.253333e-05,4.888889e-06,6.222222e-06,46.062229331086,144073167.4189557,70.82787602381806
7.253333e-05,4.888889e-06,6.933333e-06,46.0069713107405,146175532.1303951,70.00175426081196
7.253333e-05,4.888889e-06,7.644444e-06,45.952816751513,147933045.4278034,69.25832868361664
7.253333e-05,4.888889e-06,8.355556e-06,45.9003861883451,149425749.2181969,68.58205526832008
7.253333e-05,4.888889e-06,9.066667e-06,45.8499681786817,150710049.36452,67.96121271099786
7.253333e-05,4.888889e-06,9.777778e-06,45.8016668969672,151826933.1318111,67.38678710417955
7.253333e-05,5.6e-06,1.12e-05,44.6704814239395,159125656.4634708,65.66559549914024
7.253333e-05,5.6e-06,1.048889e-05,44.7117015478282,157793501.0651736,66.2144478731633
7.253333e-05,5.6e-06,4.8e-06,46.9091598991887,143199307.6949696,70.24804056947896
7.253333e-05,5.6e-06,5.511111e-06,46.868254602557,146311711.3712874,69.16801304654601
7.253333e-05,5.6e-06,6.222222e-06,46.8227852263698,148801920.801654,68.22272506990734
7.253333e-05,5.6e-06,6.933333e-06,46.775647458849,150844820.7478191,67.38240437206937
7.253333e-05,5.6e-06,7.644444e-06,46.7284178402155,152553920.5994135,66.62572026364421
7.253333e-05,5.6e-06,8.355556e-06,46.681964025048,154006368.5865377,65.93696807074627
7.253333e-05,5.6e-06,9.066667e-06,46.6367566247061,155256585.6756618,65.30431382190324
7.253333e-05,5.6e-06,9.777778e-06,46.5930372196637,156344156.2361175,64.71865987523059
7.253333e-05,5.244444e-06,1.12e-05,44.268581475845,156535843.8223299,66.90590516295852
7.253333e-05,5.244444e-06,1.048889e-05,44.3104051644546,155462917.2404333,67.55603823656206
7.253333e-05,5.244444e-06,4.8e-06,46.5616474900362,140893088.7760063,71.48479950486448
7.253333e-05,5.244444e-06,5.511111e-06,46.5148380712035,144052482.478622,70.41246624199574
7.253333e-05,5.244444e-06,6.222222e-06,46.464464286388,146578902.5208765,69.4740463815283
7.253333e-05,5.244444e-06,6.933333e-06,46.4131803183734,148650544.6752757,68.64001327532881
7.253333e-05,5.244444e-06,7.644444e-06,46.3623952356889,150383022.5017758,67.88917809133193
7.253333e-05,5.244444e-06,8.355556e-06,46.3128564107,151854880.891827,67.20592454978846
7.253333e-05,5.244444e-06,9.066667e-06,46.2649455433845,153121501.3552766,66.57847758827211
7.253333e-05,5.244444e-06,9.777778e-06,46.2188368948058,154223148.6962627,65.99778118205109
7.822222e-05,2.4e-06,1.12e-05,34.8724194748883,102496290.8400355,91.79368923493364
7.822222e-05,2.4e-06,1.048889e-05,34.8823901099693,100946950.870428,92.2946279663256
7.822222e-05,2.4e-06,4.8e-06,36.5452922659955,89114816.66753322,96.45258326799018
7.822222e-05,2.4e-06,5.511111e-06,36.519384348565,92219563.78032918,95.1442728698492
7.822222e-05,2.4e-06,6.222222e-06,36.4907227648037,94709132.82209247,94.02711900930252
7.822222e-05,2.4e-06,6.933333e-06,36.4612745430677,96758652.46241358,93.05415801468872
7.822222e-05,2.4e-06,7.644444e-06,36.4320713278499,98481302.32974288,92.19291574102316
7.822222e-05,2.4e-06,8.355556e-06,36.4036531378555,99953679.9545078,91.42019924703568
7.822222e-05,2.4e-06,9.066667e-06,36.3762913333309,101673050.1414559,90.89966808739597
7.822222e-05,2.4e-06,9.777778e-06,36.3501066767985,103189239.0724134,90.42576264941044
7.822222e-05,2.755556e-06,1.12e-05,35.4655220412907,111315024.0608046,89.57103675605741
7.822222e-05,2.755556e-06,1.048889e-05,35.4787068272183,109835442.5010714,90.10832455042288
7.822222e-05,2.755556e-06,4.8e-06,37.2503453266347,95894589.16677213,93.68886296260315
7.822222e-05,2.755556e-06,5.511111e-06,37.2172120690428,98926087.70414524,92.29650545211528
7.822222e-05,2.755556e-06,6.222222e-06,37.1822325887611,101852971.8071092,91.29270630873222
7.822222e-05,2.755556e-06,6.933333e-06,37.1471772616609,104573403.7535364,90.5367479015714
7.822222e-05,2.755556e-06,7.644444e-06,37.0340726257474,106581785.3631377,90.04049045020707
7.822222e-05,2.755556e-06,8.355556e-06,37.0027075418645,108525996.3470876,89.42918799335222
7.822222e-05,2.755556e-06,9.066667e-06,36.9726300492716,110202200.9097341,88.87174988388097
7.822222e-05,2.755556e-06,9.777778e-06,36.9439311142227,111664141.0026018,88.35889413798442
7.822222e-05,3.111111e-06,1.12e-05,36.0170108291505,118715179.6439762,87.40937994674145
7.822222e-05,3.111111e-06,1.048889e-05,36.0332875392755,117293722.1098202,87.9797767822026
7.822222e-05,3.111111e-06,4.8e-06,37.8194525679871,101890281.2802912,91.53888799671071
7.822222e-05,3.111111e-06,5.511111e-06,37.7824374796764,105956616.2963397,90.45742642995631
7.822222e-05,3.111111e-06,6.222222e-06,37.7439632788337,109195657.5401227,89.52663852763767
7.822222e-05,3.111111e-06,6.933333e-06,37.7057363880115,111845026.2462153,88.71092334331264
7.822222e-05,3.111111e-06,7.644444e-06,37.6686003010243,114057783.3240569,87.98534276993944
7.822222e-05,3.111111e-06,8.355556e-06,37.6329545351616,115937223.5292503,87.3318821990919
7.822222e-05,3.111111e-06,9.066667e-06,37.5989626095062,117555730.2275473,86.73718701651391
7.822222e-05,3.111111e-06,9.777778e-06,37.5666606108476,118965627.1565788,86.19113564608847
7.822222e-05,3.466667e-06,1.12e-05,36.5328980896739,125042914.811285,85.32331870820602
7.822222e-05,3.466667e-06,1.048889e-05,36.5521361939301,123670649.213718,85.92374662567165
7.822222e-05,3.466667e-06,4.8e-06,38.4348672716469,108578415.6142712,89.78494833957093
7.822222e-05,3.466667e-06,5.511111e-06,38.3915661436683,112540254.3355144,88.63274643899659
7.822222e-05,3.466667e-06,6.222222e-06,38.3475714227368,115693959.4794825,87.64251443525553
7.822222e-05,3.466667e-06,6.933333e-06,38.3044287271019,118271555.104684,86.77605849440702
7.822222e-05,3.466667e-06,7.644444e-06,38.2628665548639,120422526.9484355,86.00659008435049
7.822222e-05,3.466667e-06,8.355556e-06,38.2231993502292,122247775.731402,85.31474045213149
7.822222e-05,3.466667e-06,9.066667e-06,38.1855259252255,123818019.1397104,84.68614181965849
7.822222e-05,3.466667e-06,9.777778e-06,38.1498319995219,125184384.6096082,84.10989961577602
7.822222e-05,3.822222e-06,1.12e-05,37.0177409178029,130534719.0909446,83.32086016770756
7.822222e-05,3.822222e-06,1.048889e-05,37.0398031528792,129204587.6597718,83.94842112110712
7.822222e-05,3.822222e-06,4.8e-06,39.0126869239697,114349897.5581247,88.09527442244912
7.822222e-05,3.822222e-06,5.511111e-06,38.963623530714,118223100.1085648,86.87864065533141
7.822222e-05,3.822222e-06,6.222222e-06,38.9145471302992,121304529.5394108,85.8343132627249
7.822222e-05,3.822222e-06,6.933333e-06,38.8668645025506,123821403.1689622,84.92172446042096
7.822222e-05,3.822222e-06,7.644444e-06,38.8212037589682,125920142.570409,84.11238868995571
7.822222e-05,3.822222e-06,8.355556e-06,38.77780443116,127699600.3670981,83.38569442592532
7.822222e-05,3.822222e-06,9.066667e-06,38.7367079515692,129229071.6948343,82.72634392773674
7.822222e-05,3.822222e-06,9.777778e-06,38.697855117776,130558663.9655795,82.12273326276721
7.822222e-05,4.177778e-06,1.12e-05,37.4750847498384,135358735.025425,81.40593230243954
7.822222e-05,4.177778e-06,1.048889e-05,37.4998283734266,134065032.4327817,82.05792237055104
7.822222e-05,4.177778e-06,4.8e-06,39.5561389732704,119388073.2394008,86.4750312489441
7.822222e-05,4.177778e-06,5.511111e-06,39.5018854618572,123185456.7943958,85.19990699032608
7.822222e-05,4.177778e-06,6.222222e-06,39.4482049825903,126205173.6923517,84.10650827532798
7.822222e-05,4.177778e-06,6.933333e-06,39.3963899840614,128670268.6665329,83.15210485319591
7.822222e-05,4.177778e-06,7.644444e-06,39.3469845251909,130724509.868967,82.30666204009023
7.822222e-05,4.177778e-06,8.355556e-06,39.3001645971693,132464980.3073651,81.54843268464778
7.822222e-05,4.177778e-06,9.066667e-06,39.2559224560109,133959748.5290386,80.86126894282525
7.822222e-05,4.177778e-06,9.777778e-06,39.2141600706302,135258044.1424291,80.2329184551998
7.822222e-05,4.533333e-06,1.12e-05,37.9077513272324,139638445.1306919,79.5798154547135
7.822222e-05,4.533333e-06,1.048889e-05,37.9350292682205,138376473.7737642,80.25373348255316
7.822222e-05,4.533333e-06,4.8e-06,40.0678269439403,123828065.5650895,84.92663607233395
7.822222e-05,4.533333e-06,5.511111e-06,40.0089871101651,127560128.7880589,83.59859242146095
7.822222e-05,4.533333e-06,6.222222e-06,39.9512059715845,130526797.5061653,82.46081749510053
7.822222e-05,4.533333e-06,6.933333e-06,39.8956875727144,132947457.4378178,81.46862306325329
7.822222e-05,4.533333e-06,7.644444e-06,39.8429092575076,134963556.7441982,80.5905679983989
7.822222e-05,4.533333e-06,8.355556e-06,39.7929955756472,136670635.3241265,79.80387261055297
7.822222e-05,4.533333e-06,9.066667e-06,39.7458983478453,138135694.7835116,79.09161556824557
7.822222e-05,4.533333e-06,9.777778e-06,39.701487213566,139407202.9503101,78.44095437874566
7.822222e-05,4.888889e-06,1.12e-05,38.3180321843868,143466996.6565644,77.84201799079892
7.822222e-05,4.888889e-06,1.048889e-05,38.3476941587251,142232830.0258096,78.53556842235032
7.822222e-05,4.888889e-06,4.8e-06,40.5499191561303,127772166.7333058,83.45064717733266
7.822222e-05,4.888889e-06,5.511111e-06,40.4871135421114,131447596.5333523,82.07488396558155
7.822222e-05,4.888889e-06,6.222222e-06,40.4257493903272,134368400.0794994,80.89709850756876
7.822222e-05,4.888889e-06,6.933333e-06,40.3669687150797,136750722.5394436,79.87084184917674
7.822222e-05,4.888889e-06,7.644444e-06,40.3111998588401,138733964.5338472,78.96340374014065
7.822222e-05,4.888889e-06,8.355556e-06,40.25852833266,140412308.3711395,78.1510708872884
7.822222e-05,4.888889e-06,9.066667e-06,40.2088745056698,141851819.734669,77.41622177981398
7.822222e-05,4.888889e-06,9.777778e-06,40.1620823807962,143100300.0511892,76.74547939802925
7.822222e-05,5.6e-06,1.12e-05,39.0787158359714,150042743.1136223,74.62378643258603
7.822222e-05,5.6e-06,1.048889e-05,39.1126876402347,148854697.619787,75.35052135389803
7.822222e-05,5.6e-06,4.8e-06,41.4325479797985,134472827.4523203,80.71209160858527
7.822222e-05,5.6e-06,5.511111e-06,41.3636743534667,138055544.4152182,79.25502309406438
7.822222e-05,5.6e-06,6.222222e-06,41.2967029591206,140901669.8391823,78.00902163091392
7.822222e-05,5.6e-06,6.933333e-06,41.232728624268,143221832.665883,76.92467634304168
7.822222e-05,5.6e-06,7.644444e-06,41.1721337085264,145151969.2540441,75.96712732544795
7.822222e-05,5.6e-06,8.355556e-06,41.1149622881214,146783977.7990281,75.1110731124395
7.822222e-05,5.6e-06,9.066667e-06,41.0610984993864,148182357.5039288,74.33769781188346
7.822222e-05,5.6e-06,9.777778e-06,41.0103550203342,149393799.8853005,73.6327109773085
7.822222e-05,5.244444e-06,1.12e-05,38.707822476249,146916255.2906913,76.19084510157947
7.822222e-05,5.244444e-06,1.048889e-05,38.7397160848822,145706570.2275185,76.90193561449566
7.822222e-05,5.244444e-06,4.8e-06,41.0042778174525,131299581.6409161,82.0463385695152
7.822222e-05,5.244444e-06,5.511111e-06,40.9381303840302,134925619.9103526,80.62768738643398
7.822222e-05,5.244444e-06,6.222222e-06,40.8737046496765,137806561.1585487,79.41393190788325
7.822222e-05,5.244444e-06,6.933333e-06,40.8121065839422,140155652.2300701,78.35705185304427
7.822222e-05,5.244444e-06,7.644444e-06,40.7537330753207,142110469.7278293,77.42319944241265
7.822222e-05,5.244444e-06,8.355556e-06,40.6986429354808,143763990.9828992,76.58782233953931
7.822222e-05,5.244444e-06,9.066667e-06,40.6467340506451,145181453.7849462,75.83266871567312
7.822222e-05,5.244444e-06,9.777778e-06,40.5978314875264,146410071.9603926,75.14387985567774
8.96e-05,2.4e-06,1.12e-05,29.5042595610957,66022042.17453336,111.3031582467216
8.96e-05,2.4e-06,1.048889e-05,29.4957150693666,64289921.10463586,111.9322701594515
8.96e-05,2.4e-06,4.8e-06,30.435276408177,53852889.17945998,113.6416041544538
8.96e-05,2.4e-06,5.511111e-06,30.4638920908023,56601312.75873119,113.1020417296196
8.96e-05,2.4e-06,6.222222e-06,30.4817980198071,58805028.75443755,112.6355786926773
8.96e-05,2.4e-06,6.933333e-06,30.4928437953434,60620360.79070502,112.2236206551282
8.96e-05,2.4e-06,7.644444e-06,30.4993614636178,62148055.11644875,111.8534798615119
8.96e-05,2.4e-06,8.355556e-06,30.5028240198941,63702618.64683118,111.4047744534698
8.96e-05,2.4e-06,9.066667e-06,30.5041931949111,65612746.39047132,110.7376167894292
8.96e-05,2.4e-06,9.777778e-06,30.5041138771616,67287369.3300479,110.128891914646
8.96e-05,2.755556e-06,1.12e-05,29.8741326253117,74618401.88467775,108.6847119258763
8.96e-05,2.755556e-06,1.048889e-05,29.8670401160266,72933349.78537464,109.3641243759806
8.96e-05,2.755556e-06,4.8e-06,30.8539079669589,59141171.51439156,112.9398728681442
8.96e-05,2.755556e-06,5.511111e-06,30.8798049041111,61837514.24358888,112.3700800556374
8.96e-05,2.755556e-06,6.222222e-06,30.8952707300414,64625546.12259927,111.5882742537642
8.96e-05,2.755556e-06,6.933333e-06,30.9041027980729,67633906.21994239,110.56843760231
8.96e-05,2.755556e-06,7.644444e-06,30.8773469887925,69982382.57900877,109.7924312708967
8.96e-05,2.755556e-06,8.355556e-06,30.8795038285959,72145793.83018452,108.9875836748198
8.96e-05,2.755556e-06,9.066667e-06,30.8796482215799,74018547.45376867,108.2610257015315
8.96e-05,2.755556e-06,9.777778e-06,30.8784174707478,75658953.53030787,107.598970691493
8.96e-05,3.111111e-06,1.12e-05,30.2134697239214,82047897.4057901,106.158288145817
8.96e-05,3.111111e-06,1.048889e-05,30.207785453762,80403472.14246592,106.881591733176
8.96e-05,3.111111e-06,4.8e-06,31.2070850692076,63903705.55761908,112.2106690336892
8.96e-05,3.111111e-06,5.511111e-06,31.2311905329898,68420064.18259744,110.720403350328
8.96e-05,3.111111e-06,6.222222e-06,31.2450160997673,72029388.48218246,109.4530366884594
8.96e-05,3.111111e-06,6.933333e-06,31.2523372365952,74992215.15741414,108.354814424722
8.96e-05,3.111111e-06,7.644444e-06,31.2554307232951,77476389.64028314,107.3882698898122
8.96e-05,3.111111e-06,8.355556e-06,31.2557269479571,79595188.92779118,106.5264653135923
8.96e-05,3.111111e-06,9.066667e-06,31.2541539182429,81427988.63870785,105.7495192620949
8.96e-05,3.111111e-06,9.777778e-06,31.2513292621304,83032161.5430313,105.0424259776793
8.96e-05,3.466667e-06,1.12e-05,30.5273796339501,88572906.86429627,103.7373203891867
8.96e-05,3.466667e-06,1.048889e-05,30.523061240204,86964012.97863239,104.498511382977
8.96e-05,3.466667e-06,4.8e-06,31.5681049938604,70711654.6110449,110.1952419647283
8.96e-05,3.466667e-06,5.511111e-06,31.589405432278,75153145.14004445,108.6088303673756
8.96e-05,3.466667e-06,6.222222e-06,31.6007495321198,78701181.5519756,107.2620786964282
8.96e-05,3.466667e-06,6.933333e-06,31.6058456096832,81612318.58682209,106.0969804845387
8.96e-05,3.466667e-06,7.644444e-06,31.6069227636824,84051862.62031743,105.073133328653
8.96e-05,3.466667e-06,8.355556e-06,31.6053762035642,86131392.66225171,104.161512653844
8.96e-05,3.466667e-06,9.066667e-06,31.6021071733418,87929104.02340408,103.3407157315967
8.96e-05,3.466667e-06,9.777778e-06,31.5977124213963,89501522.23053515,102.5946030531282
8.96e-05,3.822222e-06,1.12e-05,30.8197369804856,94377323.38272768,101.4280199408762
8.96e-05,3.822222e-06,1.048889e-05,30.8167441335914,92799833.96368615,102.2215526748414
8.96e-05,3.822222e-06,4.8e-06,31.9064266216212,76761989.86746599,108.2418235290653
8.96e-05,3.822222e-06,5.511111e-06,31.9249191861629,81136306.66210568,106.5695549901169
8.96e-05,3.822222e-06,6.222222e-06,31.933790619833,84629519.55676395,105.152527079958
8.96e-05,3.822222e-06,6.933333e-06,31.9366778703935,87494547.47267585,103.9286870652201
8.96e-05,3.822222e-06,7.644444e-06,31.9357596993058,89894381.05274379,102.8548594960042
8.96e-05,3.822222e-06,8.355556e-06,31.9323944057637,91939052.27835032,101.9000624119409
8.96e-05,3.822222e-06,9.066667e-06,31.9274553114763,93705682.15895058,101.0414754626019
8.96e-05,3.822222e-06,9.777778e-06,31.9215174946565,95250025.8269397,100.2619090907415
8.96e-05,4.177778e-06,1.12e-05,31.0935555913478,99594803.22345065,99.23216781200126
8.96e-05,4.177778e-06,1.048889e-05,31.0918501630086,98045310.83178271,100.0529848710911
8.96e-05,4.177778e-06,4.8e-06,32.2250878679305,82193613.64018035,106.3562353534282
8.96e-05,4.177778e-06,5.511111e-06,32.2407844779365,86507283.96866944,104.6077407895663
8.96e-05,4.177778e-06,6.222222e-06,32.2472024703328,89951141.24022616,103.128918329282
8.96e-05,4.177778e-06,6.933333e-06,32.2479045332089,92774767.54429148,101.8538737526711
8.96e-05,4.177778e-06,7.644444e-06,32.2450172965808,95139030.64508988,100.7368203093508
8.96e-05,4.177778e-06,8.355556e-06,32.2398609997486,97152545.81949043,99.74494684002173
8.96e-05,4.177778e-06,9.066667e-06,32.233280288489,98891451.25681695,98.85411759550784
8.96e-05,4.177778e-06,9.777778e-06,32.2258280694805,100476290.4562761,98.10611160568834
8.96e-05,4.533333e-06,1.12e-05,31.3512298697457,104931904.7076421,97.7699901460696
8.96e-05,4.533333e-06,1.048889e-05,31.350775890581,103196533.0997006,98.3920715861655
8.96e-05,4.533333e-06,4.8e-06,32.5265159709587,87110788.41171624,104.5415226415256
8.96e-05,4.533333e-06,5.511111e-06,32.5394386851251,91369419.6603586,102.7257492790635
8.96e-05,4.533333e-06,6.222222e-06,32.5434294657106,94768607.16349936,101.1929618908456
8.96e-05,4.533333e-06,6.933333e-06,32.5419748171799,97554856.82007012,99.8736303334988
8.96e-05,4.533333e-06,7.644444e-06,32.5371480705979,99887081.61564746,98.71951786704868
8.96e-05,4.533333e-06,8.355556e-06,32.5302306776858,102164012.0068797,97.96097875231524
8.96e-05,4.533333e-06,9.066667e-06,32.5220381477639,104140021.7145426,97.28884359923568
8.96e-05,4.533333e-06,9.777778e-06,32.5131009230997,105861523.5691256,96.67516963652172
8.96e-05,4.888889e-06,1.12e-05,31.5946965508875,109806230.2951549,96.39165614522042
8.96e-05,4.888889e-06,1.048889e-05,31.595460080769,108110203.3028559,97.03763296065816
8.96e-05,4.888889e-06,4.8e-06,32.8126835049203,91593705.0182736,102.7988731559
8.96e-05,4.888889e-06,5.511111e-06,32.8228615176091,95802166.80563256,100.9240721763817
8.96e-05,4.888889e-06,6.222222e-06,32.8244561257389,99160745.4227713,99.34448869967748
8.96e-05,4.888889e-06,6.933333e-06,32.8208764511779,102205770.5811882,98.24986805919386
8.96e-05,4.888889e-06,7.644444e-06,32.8141418268952,104854872.6163505,97.38377369922968
8.96e-05,4.888889e-06,8.355556e-06,32.8054945041169,107103021.7680764,96.60906166723451
8.96e-05,4.888889e-06,9.066667e-06,32.7957206130275,109037591.4571988,95.90891573557715
8.96e-05,4.888889e-06,9.777778e-06,32.7853279934572,110721710.6722685,95.27054650230278
8.96e-05,5.6e-06,1.12e-05,32.0451039973878,118301290.7214215,93.71754109501292
8.96e-05,5.6e-06,1.048889e-05,32.0482080391304,116673676.4863843,94.407176270015
8.96e-05,5.6e-06,4.8e-06,33.34547652539,99495945.73378044,99.52852806399756
8.96e-05,5.6e-06,5.511111e-06,33.3502718087096,104148862.1374284,98.0330872958306
8.96e-05,5.6e-06,6.222222e-06,33.3471796151747,107907399.6482088,96.8126926018334
8.96e-05,5.6e-06,6.933333e-06,33.3394528082606,110975346.2002421,95.75244473112022
8.96e-05,5.6e-06,7.644444e-06,33.3290019829468,113532390.2343391,94.81792468220402
8.96e-05,5.6e-06,8.355556e-06,33.316990657643,115699753.5474413,93.98414505543788
8.96e-05,5.6e-06,9.066667e-06,33.3041461028239,117562351.7764307,93.23250799497175
8.96e-05,5.6e-06,9.777778e-06,33.2909309824179,119181545.1954447,92.54887233756452
8.96e-05,5.244444e-06,1.12e-05,31.8255464903607,114240995.3248046,95.04031498193066
8.96e-05,5.244444e-06,1.048889e-05,31.8274954586071,112580715.2119485,95.70879833451484
8.96e-05,5.244444e-06,4.8e-06,33.0852173245421,95705321.87323232,101.1281997183635
8.96e-05,5.244444e-06,5.511111e-06,33.0926849505324,99867883.09031992,99.20192795127932
8.96e-05,5.244444e-06,6.222222e-06,33.0919177800459,103666967.3794319,98.01034958821602
8.96e-05,5.244444e-06,6.933333e-06,33.0862469094669,106785912.054699,96.98917872883682
8.96e-05,5.244444e-06,7.644444e-06,33.0776373331827,109386889.0701932,96.08796259150736
8.96e-05,5.244444e-06,8.355556e-06,33.0672919289642,111592804.4974011,95.28289660370886
8.96e-05,5.244444e-06,9.066667e-06,33.0559673711462,113489748.1986945,94.55626168636728
8.96e-05,5.244444e-06,9.777778e-06,33.0441488764862,115139925.3417557,93.89458268160011
8.391111e-05,2.4e-06,1.12e-05,31.7758724588523,85431896.45290253,101.9612814010733
8.391111e-05,2.4e-06,1.048889e-05,31.7742119352388,83989209.42910698,102.6309370779929
8.391111e-05,2.4e-06,4.8e-06,32.9825876683237,69983690.99575947,107.0649749115941
8.391111e-05,2.4e-06,5.511111e-06,32.990861019641,73854307.39991035,105.7356812183908
8.391111e-05,2.4e-06,6.222222e-06,32.9914050946579,76952396.46953374,104.602907925061
8.391111e-05,2.4e-06,6.933333e-06,32.9873613584028,79499259.22155459,103.6187836771711
8.391111e-05,2.4e-06,7.644444e-06,32.9805735332743,81637586.8885645,102.750102701029
8.391111e-05,2.4e-06,8.355556e-06,32.9721647401257,83463753.75053886,101.9730820232171
8.391111e-05,2.4e-06,9.066667e-06,32.9628381021615,85045338.43040547,101.2702230182142
8.391111e-05,2.4e-06,9.777778e-06,32.9530423559521,86431218.6380588,100.6283520498356
8.391111e-05,2.755556e-06,1.12e-05,32.2293503904406,93210222.36112288,98.94084924386642
8.391111e-05,2.755556e-06,1.048889e-05,32.2298028265118,91808848.32289214,99.6558600362796
8.391111e-05,2.755556e-06,4.8e-06,33.5095973869001,78014178.58070414,104.5398977753413
8.391111e-05,2.755556e-06,5.511111e-06,33.513287088602,81798801.33600266,103.100831280293
8.391111e-05,2.755556e-06,6.222222e-06,33.5098029363873,84826947.57153419,101.8768584055605
8.391111e-05,2.755556e-06,6.933333e-06,33.5021675310858,87315162.84350781,100.8153965652808
8.391111e-05,2.755556e-06,7.644444e-06,33.4449107260321,89214575.91573617,100.0379405127707
8.391111e-05,2.755556e-06,8.355556e-06,33.4344220744521,91006137.21006916,99.199599386851
8.391111e-05,2.755556e-06,9.066667e-06,33.4231740325554,92556723.29949231,98.44235292977596
8.391111e-05,2.755556e-06,9.777778e-06,33.4115951729055,93914479.26328108,97.75172452011896
8.391111e-05,3.111111e-06,1.12e-05,32.6483192522997,99906210.60635312,96.09870678277676
8.391111e-05,3.111111e-06,1.048889e-05,32.6508255670379,98540047.25961488,96.85069591004542
8.391111e-05,3.111111e-06,4.8e-06,33.948666808224,84682885.71348359,102.2890071091059
8.391111e-05,3.111111e-06,5.511111e-06,33.9493167894509,88411857.66483967,100.7507231099813
8.391111e-05,3.111111e-06,6.222222e-06,33.9431231570618,91394637.73582576,99.44493691361504
8.391111e-05,3.111111e-06,6.933333e-06,33.9330453303721,93844708.19841598,98.31455752815675
8.391111e-05,3.111111e-06,7.644444e-06,33.9207974387966,95899799.05083418,97.32005118476653
8.391111e-05,3.111111e-06,8.355556e-06,33.9074067535834,97652981.56840976,96.4331566821688
8.391111e-05,3.111111e-06,9.066667e-06,33.8935033019336,99169547.7404302,95.63312159437304
8.391111e-05,3.111111e-06,9.777778e-06,33.8794786670979,100616993.213041,94.97875751842967
8.391111e-05,3.466667e-06,1.12e-05,33.0383518556301,106993646.6344969,94.29249868306016
8.391111e-05,3.466667e-06,1.048889e-05,33.0428542834241,105378288.356249,94.871288366991
8.391111e-05,3.466667e-06,4.8e-06,34.4090876131424,90713803.6311826,99.98257099466656
8.391111e-05,3.466667e-06,5.511111e-06,34.4052001444127,94375929.19823152,98.36434079557746
8.391111e-05,3.466667e-06,6.222222e-06,34.3950464195477,97304872.7630948,96.9934079615077
8.391111e-05,3.466667e-06,6.933333e-06,34.3814582823329,99710211.97347692,95.80872750525874
8.391111e-05,3.466667e-06,7.644444e-06,34.366060578522,102140671.9780959,95.0144286178352
8.391111e-05,3.466667e-06,8.355556e-06,34.3498156238588,104265675.2204681,94.3374966701582
8.391111e-05,3.466667e-06,9.066667e-06,34.3333046871027,106096921.8252926,93.72286189426508
8.391111e-05,3.466667e-06,9.777778e-06,34.3168817959381,107693439.4050538,93.15980279869068
8.391111e-05,3.822222e-06,1.12e-05,33.403683176549,113202341.9963425,92.536350478831
8.391111e-05,3.822222e-06,1.048889e-05,33.4101256904045,111636818.1499709,93.1442131800244
8.391111e-05,3.822222e-06,4.8e-06,34.8429031536829,96033778.50707588,97.80018369017412
8.391111e-05,3.822222e-06,5.511111e-06,34.8345406114519,99636885.2209398,96.11463614062184
8.391111e-05,3.822222e-06,6.222222e-06,34.8204892447573,103116467.1654239,95.034410989597
8.391111e-05,3.822222e-06,6.933333e-06,34.8034522359557,106032588.8455253,94.13443910844391
8.391111e-05,3.822222e-06,7.644444e-06,34.7849645498432,108467212.4574919,93.33711631984784
8.391111e-05,3.822222e-06,8.355556e-06,34.7659232309259,110534448.8869189,92.62195877062643
8.391111e-05,3.822222e-06,9.066667e-06,34.7468606407149,112314235.8620564,91.97376249821676
8.391111e-05,3.822222e-06,9.777778e-06,34.7280932030161,113864340.0952022,91.38099183851034
8.391111e-05,4.177778e-06,1.12e-05,33.7476134495124,118692002.2719947,90.82266851581385
8.391111e-05,4.177778e-06,1.048889e-05,33.7559417816389,117170405.3082109,91.45748644343968
8.391111e-05,4.177778e-06,4.8e-06,35.2533832688727,100955380.8383369,95.84390573071798
8.391111e-05,4.177778e-06,5.511111e-06,35.2406302242862,105337958.1896319,94.57359607695996
8.391111e-05,4.177778e-06,6.222222e-06,35.2227600482325,108824974.0207262,93.48600649639214
8.391111e-05,4.177778e-06,6.933333e-06,35.2023479151667,111673953.9453295,92.53809712753494
8.391111e-05,4.177778e-06,7.644444e-06,35.1808394423376,114050740.381706,91.69965409626931
8.391111e-05,4.177778e-06,8.355556e-06,35.1590668523096,116067228.7865099,90.94881435560978
8.391111e-05,4.177778e-06,9.066667e-06,35.1375139849109,117801812.0850568,90.26934808696228
8.391111e-05,4.177778e-06,9.777778e-06,35.1164599951486,119311145.2557604,89.64894094794968
8.391111e-05,4.533333e-06,1.12e-05,34.0727693392839,123595294.9106404,89.15561599644523
8.391111e-05,4.533333e-06,1.048889e-05,34.0829308541345,122112765.7378345,89.81534264368297
8.391111e-05,4.533333e-06,4.8e-06,35.6431366874013,106200272.4866543,94.45111188647982
8.391111e-05,4.533333e-06,5.511111e-06,35.6260945498632,110496422.6322782,93.1167590722747
8.391111e-05,4.533333e-06,6.222222e-06,35.60449677068,113912784.3602353,91.97601364070375
8.391111e-05,4.533333e-06,6.933333e-06,35.5807925114804,116702297.3249675,90.98324994894308
8.391111e-05,4.533333e-06,7.644444e-06,35.55633944562,119027868.4773236,90.10642814145588
8.391111e-05,4.533333e-06,8.355556e-06,35.5319060107867,120999423.8714827,89.3223610207189
8.391111e-05,4.533333e-06,9.066667e-06,35.5079283208773,122693983.8615284,88.61383601024625
8.391111e-05,4.533333e-06,9.777778e-06,35.4846488908833,124167216.1320635,87.96779441938472
8.391111e-05,4.888889e-06,1.12e-05,34.3812792881727,128012309.0601289,87.53773312595976
8.391111e-05,4.888889e-06,1.048889e-05,34.3932228141844,126564786.7606967,88.22040175988194
8.391111e-05,4.888889e-06,4.8e-06,36.0142811453024,110912891.2128018,93.09246419856704
8.391111e-05,4.888889e-06,5.511111e-06,35.9930644695865,115131953.2921387,91.69792912325978
8.391111e-05,4.888889e-06,6.222222e-06,35.9678399203882,118485321.0650221,90.50739537174502
8.391111e-05,4.888889e-06,6.933333e-06,35.940933702004,121221828.7325729,89.47274434667933
8.391111e-05,4.888889e-06,7.644444e-06,35.9136176343246,123501756.7362209,88.56017971733085
8.391111e-05,4.888889e-06,8.355556e-06,35.886597870747,125433269.9105883,87.74524356939965
8.391111e-05,4.888889e-06,9.066667e-06,35.860263917932,127092161.7534189,87.00978248328015
8.391111e-05,4.888889e-06,9.777778e-06,35.8348225109835,128533217.9162922,86.34002684050111
8.391111e-05,5.6e-06,1.12e-05,34.9550771257136,135679913.2019494,84.45430241449641
8.391111e-05,5.6e-06,1.048889e-05,34.9704362083433,134292577.0975972,85.17731003995117
8.391111e-05,5.6e-06,4.8e-06,36.7074385776322,119059246.4516313,90.48524896997836
8.391111e-05,5.6e-06,5.511111e-06,36.6782562582265,123146942.5689881,88.98133354440274
8.391111e-05,5.6e-06,6.222222e-06,36.6461096898503,126393020.1573096,87.7007825203774
8.391111e-05,5.6e-06,6.933333e-06,36.6130915736254,129039280.2873739,86.59076072316157
8.391111e-05,5.6e-06,7.644444e-06,36.580310394723,131241507.7253797,85.61416107298804
8.391111e-05,5.6e-06,8.355556e-06,36.5483536555083,133104855.1816119,84.744139819069
8.391111e-05,5.6e-06,9.066667e-06,36.5175219909158,134703019.6072916,83.96078389690601
8.391111e-05,5.6e-06,9.777778e-06,36.4879538622677,136089280.5632884,83.24899906376004
8.391111e-05,5.244444e-06,1.12e-05,34.6748948870777,132020269.993185,85.97042926855428
8.391111e-05,5.244444e-06,1.048889e-05,34.6885705513522,130604314.6485075,86.67416046048173
8.391111e-05,5.244444e-06,4.8e-06,36.3685622525471,115177173.8970223,91.77007412346344
8.391111e-05,5.244444e-06,5.511111e-06,36.343296050036,119327117.3600008,90.31906913381248
8.391111e-05,5.244444e-06,6.222222e-06,36.3145531994803,122624024.5443133,89.08198017882025
8.391111e-05,5.244444e-06,6.933333e-06,36.2845408549708,125313035.4455566,88.00828607087067
8.391111e-05,5.244444e-06,7.644444e-06,36.2544476248531,127552068.4283472,87.06250183329239
8.391111e-05,5.244444e-06,8.355556e-06,36.2249192503599,129447705.2840174,86.21895103870169
8.391111e-05,5.244444e-06,9.066667e-06,36.1963000086196,131074637.3575992,85.45858038438583
8.391111e-05,5.244444e-06,9.777778e-06,36.1687619001823,132486858.3397169,84.7669419725737
