W,X,Y,pm
3.84e-05,2.4e-06,1.12e-05,67.56629286153888
3.84e-05,2.4e-06,1.048889e-05,67.98904903310677
3.84e-05,2.4e-06,4.8e-06,73.23731888752417
3.84e-05,2.4e-06,5.511111e-06,72.4807003456541
3.84e-05,2.4e-06,6.222222e-06,71.81602271767817
3.84e-05,2.4e-06,6.933333e-06,71.22088606014044
3.84e-05,2.4e-06,7.644444e-06,70.67989346776164
3.84e-05,2.4e-06,8.355556e-06,70.18207616176704
3.84e-05,2.4e-06,9.066667e-06,69.71938599114225
3.84e-05,2.4e-06,9.777778e-06,69.28576958539692
3.84e-05,2.755556e-06,1.12e-05,67.61973288434801
3.84e-05,2.755556e-06,1.048889e-05,68.06018024966944
3.84e-05,2.755556e-06,4.8e-06,73.52808236307668
3.84e-05,2.755556e-06,5.511111e-06,72.73272855505103
3.84e-05,2.755556e-06,6.222222e-06,72.03519388918306
3.84e-05,2.755556e-06,6.933333e-06,71.41166198207513
3.84e-05,2.755556e-06,7.644444e-06,70.84575369075478
3.84e-05,2.755556e-06,8.355556e-06,70.32579591539162
3.84e-05,2.755556e-06,9.066667e-06,69.84322125438594
3.84e-05,2.755556e-06,9.777778e-06,69.39158445783038
3.84e-05,3.111111e-06,1.12e-05,67.62207150897162
3.84e-05,3.111111e-06,1.048889e-05,68.07851603039204
3.84e-05,3.111111e-06,4.8e-06,73.74653348545044
3.84e-05,3.111111e-06,5.511111e-06,72.91598523659387
3.84e-05,3.111111e-06,6.222222e-06,72.18859855823351
3.84e-05,3.111111e-06,6.933333e-06,71.53927083735621
3.84e-05,3.111111e-06,7.644444e-06,70.95073040912338
3.84e-05,3.111111e-06,8.355556e-06,70.41066388126828
3.84e-05,3.111111e-06,9.066667e-06,69.91003163989792
3.84e-05,3.111111e-06,9.777778e-06,69.44203196155554
3.84e-05,3.466667e-06,1.12e-05,67.58956987938242
3.84e-05,3.466667e-06,1.048889e-05,68.06060775917815
3.84e-05,3.466667e-06,4.8e-06,73.91237066781696
3.84e-05,3.466667e-06,5.511111e-06,73.04956814259374
3.84e-05,3.466667e-06,6.222222e-06,72.29482675771615
3.84e-05,3.466667e-06,6.933333e-06,71.62186493439462
3.84e-05,3.466667e-06,7.644444e-06,71.01259250020871
3.84e-05,3.466667e-06,8.355556e-06,70.45410865825369
3.84e-05,3.466667e-06,9.066667e-06,69.9369404768387
3.84e-05,3.466667e-06,9.777778e-06,69.45395906125867
3.84e-05,3.822222e-06,1.12e-05,67.53275723274527
3.84e-05,3.822222e-06,1.048889e-05,68.01720527384533
3.84e-05,3.822222e-06,4.8e-06,74.03878689418097
3.84e-05,3.822222e-06,5.511111e-06,73.1462117133044
3.84e-05,3.822222e-06,6.222222e-06,72.36622489103408
3.84e-05,3.822222e-06,6.933333e-06,71.67145581296307
3.84e-05,3.822222e-06,7.644444e-06,71.04305793028517
3.84e-05,3.822222e-06,8.355556e-06,70.4675874846413
3.84e-05,3.822222e-06,9.066667e-06,69.93517093970988
3.84e-05,3.822222e-06,9.777778e-06,69.43837689390608
3.84e-05,4.177778e-06,1.12e-05,67.45871053255071
3.84e-05,4.177778e-06,1.048889e-05,67.95555719441779
3.84e-05,4.177778e-06,4.8e-06,74.13496151874457
3.84e-05,4.177778e-06,5.511111e-06,73.21473755449563
3.84e-05,4.177778e-06,6.222222e-06,72.41131152787126
3.84e-05,4.177778e-06,6.933333e-06,71.69630031661026
3.84e-05,4.177778e-06,7.644444e-06,71.05015392471908
3.84e-05,4.177778e-06,8.355556e-06,70.45892352744795
3.84e-05,4.177778e-06,9.066667e-06,69.91236289855806
3.84e-05,4.177778e-06,9.777778e-06,69.40275918978637
3.84e-05,4.533333e-06,1.12e-05,67.37233165965375
3.84e-05,4.533333e-06,1.048889e-05,67.88070167732958
3.84e-05,4.533333e-06,4.8e-06,74.20748372061466
3.84e-05,4.533333e-06,5.511111e-06,73.26145039033983
3.84e-05,4.533333e-06,6.222222e-06,72.4361502356862
3.84e-05,4.533333e-06,6.933333e-06,71.70225358113994
3.84e-05,4.533333e-06,7.644444e-06,71.03955264337912
3.84e-05,4.533333e-06,8.355556e-06,70.4336262477535
3.84e-05,4.533333e-06,9.066667e-06,69.87387959424565
3.84e-05,4.533333e-06,9.777778e-06,69.35233659250862
3.84e-05,4.888889e-06,1.12e-05,67.2771004046102
3.84e-05,4.888889e-06,1.048889e-05,67.79622857797814
3.84e-05,4.888889e-06,4.8e-06,74.26120785781814
3.84e-05,4.888889e-06,5.511111e-06,73.29097463188549
3.84e-05,4.888889e-06,6.222222e-06,72.44517033355193
3.84e-05,4.888889e-06,6.933333e-06,71.69357620064399
3.84e-05,4.888889e-06,7.644444e-06,71.01536648000527
3.84e-05,4.888889e-06,8.355556e-06,70.39567619734045
3.84e-05,4.888889e-06,9.066667e-06,69.8235830362899
3.84e-05,4.888889e-06,9.777778e-06,69.29086356818522
3.84e-05,5.6e-06,1.12e-05,67.06947779211313
3.84e-05,5.6e-06,1.048889e-05,67.60815976827313
3.84e-05,5.6e-06,4.8e-06,74.32603384605864
3.84e-05,5.6e-06,5.511111e-06,73.31150682072477
3.84e-05,5.6e-06,6.222222e-06,72.42819078124806
3.84e-05,5.6e-06,6.933333e-06,71.64423472356539
3.84e-05,5.6e-06,7.644444e-06,70.93767816586882
3.84e-05,5.6e-06,8.355556e-06,70.29284116358733
3.84e-05,5.6e-06,9.066667e-06,69.6981999714882
3.84e-05,5.6e-06,9.777778e-06,69.14507699153482
3.84e-05,5.244444e-06,1.12e-05,67.17552793384786
3.84e-05,5.244444e-06,1.048889e-05,67.7047294605193
3.84e-05,5.244444e-06,4.8e-06,74.29978955292387
3.84e-05,5.244444e-06,5.511111e-06,73.30677731164587
3.84e-05,5.244444e-06,6.222222e-06,72.44167874288357
3.84e-05,5.244444e-06,6.933333e-06,71.6734365463361
3.84e-05,5.244444e-06,7.644444e-06,70.98064204967346
3.84e-05,5.244444e-06,8.355556e-06,70.34801162694843
3.84e-05,5.244444e-06,9.066667e-06,69.7643140032714
3.84e-05,5.244444e-06,9.777778e-06,69.22109243371882
4.408889e-05,2.4e-06,1.12e-05,62.44617066776171
4.408889e-05,2.4e-06,1.048889e-05,62.8606949862817
4.408889e-05,2.4e-06,4.8e-06,67.74629124795122
4.408889e-05,2.4e-06,5.511111e-06,67.01195574757718
4.408889e-05,2.4e-06,6.222222e-06,66.36646817602852
4.408889e-05,2.4e-06,6.933333e-06,65.7881962353309
4.408889e-05,2.4e-06,7.644444e-06,65.26227057863302
4.408889e-05,2.4e-06,8.355556e-06,64.77809914003304
4.408889e-05,2.4e-06,9.066667e-06,64.32791124996001
4.408889e-05,2.4e-06,9.777778e-06,63.90586323120485
4.408889e-05,2.755556e-06,1.12e-05,62.46294093825996
4.408889e-05,2.755556e-06,1.048889e-05,62.89574507464786
4.408889e-05,2.755556e-06,4.8e-06,68.0128151020011
4.408889e-05,2.755556e-06,5.511111e-06,67.23818861952309
4.408889e-05,2.755556e-06,6.222222e-06,66.5585576927261
4.408889e-05,2.755556e-06,6.933333e-06,65.95080651119925
4.408889e-05,2.755556e-06,7.644444e-06,65.39903768287459
4.408889e-05,2.755556e-06,8.355556e-06,64.89192236342681
4.408889e-05,2.755556e-06,9.066667e-06,64.42114692132552
4.408889e-05,2.755556e-06,9.777778e-06,63.98045802566359
4.408889e-05,3.111111e-06,1.12e-05,62.43199585003669
4.408889e-05,3.111111e-06,1.048889e-05,62.88133270766751
4.408889e-05,3.111111e-06,4.8e-06,68.20929426369788
4.408889e-05,3.111111e-06,5.511111e-06,67.3980284547891
4.408889e-05,3.111111e-06,6.222222e-06,66.6873547567318
4.408889e-05,3.111111e-06,6.933333e-06,66.05280700568365
4.408889e-05,3.111111e-06,7.644444e-06,65.47755167914418
4.408889e-05,3.111111e-06,8.355556e-06,64.94958885951627
4.408889e-05,3.111111e-06,9.066667e-06,64.46011029512684
4.408889e-05,3.111111e-06,9.777778e-06,64.00248943858622
4.408889e-05,3.466667e-06,1.12e-05,62.36894574258006
4.408889e-05,3.466667e-06,1.048889e-05,62.83336209966627
4.408889e-05,3.466667e-06,4.8e-06,68.35492348218338
4.408889e-05,3.466667e-06,5.511111e-06,67.51005997927511
4.408889e-05,3.466667e-06,6.222222e-06,66.77092825713204
4.408889e-05,3.466667e-06,6.933333e-06,66.11182186343288
4.408889e-05,3.466667e-06,7.644444e-06,65.51504722042384
4.408889e-05,3.466667e-06,8.355556e-06,64.96798778080931
4.408889e-05,3.466667e-06,9.066667e-06,64.46138076741758
4.408889e-05,3.466667e-06,9.777778e-06,63.9882566619005
4.408889e-05,3.822222e-06,1.12e-05,62.28386419986111
4.408889e-05,3.822222e-06,1.048889e-05,62.76213125937883
4.408889e-05,3.822222e-06,4.8e-06,68.46255546214337
4.408889e-05,3.822222e-06,5.511111e-06,67.58666882463697
4.408889e-05,3.822222e-06,6.222222e-06,66.82126838211687
4.408889e-05,3.822222e-06,6.933333e-06,66.1394999660736
4.408889e-05,3.822222e-06,7.644444e-06,65.52287400063254
4.408889e-05,3.822222e-06,8.355556e-06,64.95820319501217
4.408889e-05,3.822222e-06,9.066667e-06,64.43580406636295
4.408889e-05,3.822222e-06,9.777778e-06,63.94838965519877
4.408889e-05,4.177778e-06,1.12e-05,62.18349372796425
4.408889e-05,4.177778e-06,1.048889e-05,62.67455809385118
4.408889e-05,4.177778e-06,4.8e-06,68.54112932995027
4.408889e-05,4.177778e-06,5.511111e-06,67.63642860486159
4.408889e-05,4.177778e-06,6.222222e-06,66.84663896210989
4.408889e-05,4.177778e-06,6.933333e-06,66.14383752645546
4.408889e-05,4.177778e-06,7.644444e-06,65.50879344943972
4.408889e-05,4.177778e-06,8.355556e-06,64.9277879303441
4.408889e-05,4.177778e-06,9.066667e-06,64.3907457170983
4.408889e-05,4.177778e-06,9.777778e-06,63.8900842653897
4.408889e-05,4.533333e-06,1.12e-05,62.07248111102526
4.408889e-05,4.533333e-06,1.048889e-05,62.57542919831045
4.408889e-05,4.533333e-06,4.8e-06,68.59705812390222
4.408889e-05,4.533333e-06,5.511111e-06,67.6654608637638
4.408889e-05,4.533333e-06,6.222222e-06,66.85291426373752
4.408889e-05,4.533333e-06,6.933333e-06,66.13049502235651
4.408889e-05,4.533333e-06,7.644444e-06,65.4782783529089
4.408889e-05,4.533333e-06,8.355556e-06,64.88204790350741
4.408889e-05,4.533333e-06,9.066667e-06,64.33136171375598
4.408889e-05,4.533333e-06,9.777778e-06,63.81836059291804
4.408889e-05,4.888889e-06,1.12e-05,61.95410540187427
4.408889e-05,4.888889e-06,1.048889e-05,62.46813696321385
4.408889e-05,4.888889e-06,4.8e-06,68.63506276638452
4.408889e-05,4.888889e-06,5.511111e-06,67.67825021373226
4.408889e-05,4.888889e-06,6.222222e-06,66.84437827424863
4.408889e-05,4.888889e-06,6.933333e-06,66.10358286495493
4.408889e-05,4.888889e-06,7.644444e-06,65.43528663961924
4.408889e-05,4.888889e-06,8.355556e-06,64.82480539954025
4.408889e-05,4.888889e-06,9.066667e-06,64.26135240856651
4.408889e-05,4.888889e-06,9.777778e-06,63.73680841111327
4.408889e-05,5.6e-06,1.12e-05,61.70406450930582
4.408889e-05,5.6e-06,1.048889e-05,62.23821961170245
4.408889e-05,5.6e-06,4.8e-06,68.67067659175007
4.408889e-05,5.6e-06,5.511111e-06,67.6677323578928
4.408889e-05,5.6e-06,6.222222e-06,66.79487170439016
4.408889e-05,5.6e-06,6.933333e-06,66.02050090757224
4.408889e-05,5.6e-06,7.644444e-06,65.32284298811138
4.408889e-05,5.6e-06,8.355556e-06,64.68635383064017
4.408889e-05,5.6e-06,9.066667e-06,64.0996131303079
4.408889e-05,5.6e-06,9.777778e-06,63.55402384663182
4.408889e-05,5.244444e-06,1.12e-05,61.83072538175447
4.408889e-05,5.244444e-06,1.048889e-05,62.35513339470651
4.408889e-05,5.244444e-06,4.8e-06,68.65869490994639
4.408889e-05,5.244444e-06,5.511111e-06,67.67815397539472
4.408889e-05,5.244444e-06,6.222222e-06,66.82422321023168
4.408889e-05,5.244444e-06,6.933333e-06,66.06615033826301
4.408889e-05,5.244444e-06,7.644444e-06,65.38274196128258
4.408889e-05,5.244444e-06,8.355556e-06,64.75887225551301
4.408889e-05,5.244444e-06,9.066667e-06,64.18342907885675
4.408889e-05,5.244444e-06,9.777778e-06,63.64804776055734
4.977778e-05,2.4e-06,1.12e-05,59.01927953627929
4.977778e-05,2.4e-06,1.048889e-05,59.43011893958635
4.977778e-05,2.4e-06,4.8e-06,64.12011610378867
4.977778e-05,2.4e-06,5.511111e-06,63.39074059736824
4.977778e-05,2.4e-06,6.222222e-06,62.75026493188587
4.977778e-05,2.4e-06,6.933333e-06,62.17704754570084
4.977778e-05,2.4e-06,7.644444e-06,61.6562114615859
4.977778e-05,2.4e-06,8.355556e-06,61.17715911418629
4.977778e-05,2.4e-06,9.066667e-06,60.73211613322513
4.977778e-05,2.4e-06,9.777778e-06,60.31523647343815
4.977778e-05,2.755556e-06,1.12e-05,58.97682540402926
4.977778e-05,2.755556e-06,1.048889e-05,59.40657321887457
4.977778e-05,2.755556e-06,4.8e-06,64.33930501254338
4.977778e-05,2.755556e-06,5.511111e-06,63.56789450754241
4.977778e-05,2.755556e-06,6.222222e-06,62.89183904507261
4.977778e-05,2.755556e-06,6.933333e-06,62.28793816443338
4.977778e-05,2.755556e-06,7.644444e-06,61.74023485091436
4.977778e-05,2.755556e-06,8.355556e-06,61.23735765148578
4.977778e-05,2.755556e-06,9.066667e-06,60.77096197738943
4.977778e-05,2.755556e-06,9.777778e-06,60.33477161724792
4.977778e-05,3.111111e-06,1.12e-05,58.89247984866211
4.977778e-05,3.111111e-06,1.048889e-05,59.33932233871464
4.977778e-05,3.111111e-06,4.8e-06,64.49299836915621
4.977778e-05,3.111111e-06,5.511111e-06,63.68336183401794
4.977778e-05,3.111111e-06,6.222222e-06,62.97496074053759
4.977778e-05,3.111111e-06,6.933333e-06,62.34317389219358
4.977778e-05,3.111111e-06,7.644444e-06,61.77105977336508
4.977778e-05,3.111111e-06,8.355556e-06,61.24654144436394
4.977778e-05,3.111111e-06,9.066667e-06,60.76075449409768
4.977778e-05,3.111111e-06,9.777778e-06,60.30703057967834
4.977778e-05,3.466667e-06,1.12e-05,58.78081693004995
4.977778e-05,3.466667e-06,1.048889e-05,59.24324053455324
4.977778e-05,3.466667e-06,4.8e-06,64.59955993241438
4.977778e-05,3.466667e-06,5.511111e-06,63.75487776648787
4.977778e-05,3.466667e-06,6.222222e-06,63.01683374830704
4.977778e-05,3.466667e-06,6.933333e-06,62.35950043205219
4.977778e-05,3.466667e-06,7.644444e-06,61.76503106840912
4.977778e-05,3.466667e-06,8.355556e-06,61.22070004543278
4.977778e-05,3.466667e-06,9.066667e-06,60.71716502788055
4.977778e-05,3.466667e-06,9.777778e-06,60.24739718714538
4.977778e-05,3.822222e-06,1.12e-05,58.65115087961387
4.977778e-05,3.822222e-06,1.048889e-05,59.1278722452096
4.977778e-05,3.822222e-06,4.8e-06,64.67123158429428
4.977778e-05,3.822222e-06,5.511111e-06,63.79420161635247
4.977778e-05,3.822222e-06,6.222222e-06,63.0288088393863
4.977778e-05,3.822222e-06,6.933333e-06,62.34791606813137
4.977778e-05,3.822222e-06,7.644444e-06,61.73283821335667
4.977778e-05,3.822222e-06,8.355556e-06,61.17024898034278
4.977778e-05,3.822222e-06,9.066667e-06,60.65036352713587
4.977778e-05,3.822222e-06,9.777778e-06,60.16581930781081
4.977778e-05,4.177778e-06,1.12e-05,58.50964527790362
4.977778e-05,4.177778e-06,1.048889e-05,58.99956173567739
4.977778e-05,4.177778e-06,4.8e-06,64.71648853971622
4.977778e-05,4.177778e-06,5.511111e-06,63.80942990972927
4.977778e-05,4.177778e-06,6.222222e-06,63.01866158419036
4.977778e-05,4.177778e-06,6.933333e-06,62.31591917796658
4.977778e-05,4.177778e-06,7.644444e-06,61.68173652601723
4.977778e-05,4.177778e-06,8.355556e-06,61.10222776386183
4.977778e-05,4.177778e-06,9.066667e-06,60.56719590488385
4.977778e-05,4.177778e-06,9.777778e-06,60.06896764599848
4.977778e-05,4.533333e-06,1.12e-05,58.36049207281987
4.977778e-05,4.533333e-06,1.048889e-05,58.86264555072619
4.977778e-05,4.533333e-06,4.8e-06,64.74138198192854
4.977778e-05,4.533333e-06,5.511111e-06,63.80631101774604
4.977778e-05,4.533333e-06,6.222222e-06,62.9918834526731
4.977778e-05,4.533333e-06,6.933333e-06,62.26877916595144
4.977778e-05,4.533333e-06,7.644444e-06,61.61680053681692
4.977778e-05,4.533333e-06,8.355556e-06,61.02153777966649
4.977778e-05,4.533333e-06,9.066667e-06,60.47240810432102
4.977778e-05,4.533333e-06,9.777778e-06,59.96144737923511
4.977778e-05,4.888889e-06,1.12e-05,58.20660446699018
4.977778e-05,4.888889e-06,1.048889e-05,58.72015453634342
4.977778e-05,4.888889e-06,4.8e-06,64.75034428571779
4.977778e-05,4.888889e-06,5.511111e-06,63.78903121335809
4.977778e-05,4.888889e-06,6.222222e-06,62.95245174603098
4.977778e-05,4.888889e-06,6.933333e-06,62.21029255861463
4.977778e-05,4.888889e-06,7.644444e-06,61.54166802282685
4.977778e-05,4.888889e-06,8.355556e-06,60.93167566423112
4.977778e-05,4.888889e-06,9.066667e-06,60.36936997780422
4.977778e-05,4.888889e-06,9.777778e-06,59.84651347840013
4.977778e-05,5.6e-06,1.12e-05,57.89227651500322
4.977778e-05,5.6e-06,1.048889e-05,58.42647083772181
4.977778e-05,5.6e-06,4.8e-06,64.732955888223
4.977778e-05,5.6e-06,5.511111e-06,63.72369143067841
4.977778e-05,5.6e-06,6.222222e-06,62.84666906755508
4.977778e-05,5.6e-06,6.933333e-06,62.06974865375609
4.977778e-05,5.6e-06,7.644444e-06,61.37077951796945
4.977778e-05,5.6e-06,8.355556e-06,60.73395362900223
4.977778e-05,5.6e-06,9.066667e-06,60.14765909042256
4.977778e-05,5.6e-06,9.777778e-06,59.60315641201117
4.977778e-05,5.244444e-06,1.12e-05,58.05004135168015
4.977778e-05,5.244444e-06,1.048889e-05,58.57424466630819
4.977778e-05,5.244444e-06,4.8e-06,64.74669271342829
4.977778e-05,5.244444e-06,5.511111e-06,63.76070490473191
4.977778e-05,5.244444e-06,6.222222e-06,62.9033084896415
4.977778e-05,5.244444e-06,6.933333e-06,62.14325215689553
4.977778e-05,5.244444e-06,7.644444e-06,61.45900066097332
4.977778e-05,5.244444e-06,8.355556e-06,60.83518644871359
4.977778e-05,5.244444e-06,9.066667e-06,60.26052171946176
4.977778e-05,5.244444e-06,9.777778e-06,59.72651109398264
5.546667e-05,2.4e-06,1.12e-05,56.8007151860833
5.546667e-05,2.4e-06,1.048889e-05,57.20287645150054
5.546667e-05,2.4e-06,4.8e-06,61.63854409610687
5.546667e-05,2.4e-06,5.511111e-06,60.91531490586903
5.546667e-05,2.4e-06,6.222222e-06,60.28148366089108
5.546667e-05,2.4e-06,6.933333e-06,59.71525214294984
5.546667e-05,2.4e-06,7.644444e-06,59.20163980002953
5.546667e-05,2.4e-06,8.355556e-06,58.7299786277951
5.546667e-05,2.4e-06,9.066667e-06,58.29244520002523
5.546667e-05,2.4e-06,9.777778e-06,57.88315860541186
5.546667e-05,2.755556e-06,1.12e-05,56.65228030368664
5.546667e-05,2.755556e-06,1.048889e-05,57.07508670711105
5.546667e-05,2.755556e-06,4.8e-06,61.79200590482151
5.546667e-05,2.755556e-06,5.511111e-06,61.02406169602696
5.546667e-05,2.755556e-06,6.222222e-06,60.35235209361403
5.546667e-05,2.755556e-06,6.933333e-06,59.75343185854744
5.546667e-05,2.755556e-06,7.644444e-06,59.21117889724948
5.546667e-05,2.755556e-06,8.355556e-06,58.71410689455336
5.546667e-05,2.755556e-06,9.066667e-06,58.25378918812196
5.546667e-05,2.755556e-06,9.777778e-06,57.82388955764498
5.546667e-05,3.111111e-06,1.12e-05,56.48412478448301
5.546667e-05,3.111111e-06,1.048889e-05,56.92525971153106
5.546667e-05,3.111111e-06,4.8e-06,61.88958110904319
5.546667e-05,3.111111e-06,5.511111e-06,61.08125221056139
5.546667e-05,3.111111e-06,6.222222e-06,60.37537035651962
5.546667e-05,3.111111e-06,6.933333e-06,59.74699050408751
5.546667e-05,3.111111e-06,7.644444e-06,59.1789512614005
5.546667e-05,3.111111e-06,8.355556e-06,58.65902151506395
5.546667e-05,3.111111e-06,9.066667e-06,58.17822575245388
5.546667e-05,3.111111e-06,9.777778e-06,57.72981365585782
5.546667e-05,3.466667e-06,1.12e-05,56.30273718680921
5.546667e-05,3.466667e-06,1.048889e-05,56.76038097456023
5.546667e-05,3.466667e-06,4.8e-06,61.94674227972473
5.546667e-05,3.466667e-06,5.511111e-06,61.10154844492848
5.546667e-05,3.466667e-06,6.222222e-06,60.36450113565105
5.546667e-05,3.466667e-06,6.933333e-06,59.7092767557245
5.546667e-05,3.466667e-06,7.644444e-06,59.11775884321407
5.546667e-05,3.466667e-06,8.355556e-06,58.57703204775281
5.546667e-05,3.466667e-06,9.066667e-06,58.07761680414203
5.546667e-05,3.466667e-06,9.777778e-06,57.61238263359775
5.546667e-05,3.822222e-06,1.12e-05,56.11299625151957
5.546667e-05,3.822222e-06,1.048889e-05,56.58566602707496
5.546667e-05,3.822222e-06,4.8e-06,61.97404523841682
5.546667e-05,3.822222e-06,5.511111e-06,61.09492514166809
5.546667e-05,3.822222e-06,6.222222e-06,60.32922017190415
5.546667e-05,3.822222e-06,6.933333e-06,59.64933010447869
5.546667e-05,3.822222e-06,7.644444e-06,59.03625424345527
5.546667e-05,3.822222e-06,8.355556e-06,58.47644394754073
5.546667e-05,3.822222e-06,9.066667e-06,57.95995328900484
5.546667e-05,3.822222e-06,9.777778e-06,57.47930018025175
5.546667e-05,4.177778e-06,1.12e-05,55.91845403285992
5.546667e-05,4.177778e-06,1.048889e-05,56.40490881757533
5.546667e-05,4.177778e-06,4.8e-06,61.97889816806929
5.546667e-05,4.177778e-06,5.511111e-06,61.06835389420285
5.546667e-05,4.177778e-06,6.222222e-06,60.27612524950813
5.546667e-05,4.177778e-06,6.933333e-06,59.57342245554912
5.546667e-05,4.177778e-06,7.644444e-06,58.94042113038895
5.546667e-05,4.177778e-06,8.355556e-06,58.36298290477789
5.546667e-05,4.177778e-06,9.066667e-06,57.83072772428756
5.546667e-05,4.177778e-06,9.777778e-06,57.33584631630682
5.546667e-05,4.533333e-06,1.12e-05,55.72166415804101
5.546667e-05,4.533333e-06,1.048889e-05,56.22084471390207
5.546667e-05,4.533333e-06,4.8e-06,61.96662948572192
5.546667e-05,4.533333e-06,5.511111e-06,61.02682359900795
5.546667e-05,4.533333e-06,6.222222e-06,60.20991509606901
5.546667e-05,4.533333e-06,6.933333e-06,59.48600002094468
5.546667e-05,4.533333e-06,7.644444e-06,58.8344827475113
5.546667e-05,4.533333e-06,8.355556e-06,58.24067292419335
5.546667e-05,4.533333e-06,9.066667e-06,57.69378430881702
5.546667e-05,4.533333e-06,9.777778e-06,57.18570161575884
5.546667e-05,4.888889e-06,1.12e-05,55.52445234247907
5.546667e-05,4.888889e-06,1.048889e-05,56.03544081286861
5.546667e-05,4.888889e-06,4.8e-06,61.94115412358013
5.546667e-05,4.888889e-06,5.511111e-06,60.97397818546882
5.546667e-05,4.888889e-06,6.222222e-06,60.13400227680987
5.546667e-05,4.888889e-06,6.933333e-06,59.39027423790972
5.546667e-05,4.888889e-06,7.644444e-06,58.72147312231191
5.546667e-05,4.888889e-06,8.355556e-06,58.1123896629284
5.546667e-05,4.888889e-06,9.066667e-06,57.55185591230362
5.546667e-05,4.888889e-06,9.777778e-06,57.03146912807436
5.546667e-05,5.6e-06,1.12e-05,55.48424965115324
5.546667e-05,5.6e-06,1.048889e-05,55.87113560730705
5.546667e-05,5.6e-06,4.8e-06,61.86160151743749
5.546667e-05,5.6e-06,5.511111e-06,60.8445150726686
5.546667e-05,5.6e-06,6.222222e-06,59.9625206854671
5.546667e-05,5.6e-06,6.933333e-06,59.1827382902543
5.546667e-05,5.6e-06,7.644444e-06,58.48251366309212
5.546667e-05,5.6e-06,8.355556e-06,57.84568424913056
5.546667e-05,5.6e-06,9.066667e-06,57.26038130580184
5.546667e-05,5.6e-06,9.777778e-06,56.71767464733372
5.546667e-05,5.244444e-06,1.12e-05,55.45244764212459
5.546667e-05,5.244444e-06,1.048889e-05,55.85011040423279
5.546667e-05,5.244444e-06,4.8e-06,61.90540204712686
5.546667e-05,5.244444e-06,5.511111e-06,60.91252685789411
5.546667e-05,5.244444e-06,6.222222e-06,60.05090763307155
5.546667e-05,5.244444e-06,6.933333e-06,59.28860229925161
5.546667e-05,5.244444e-06,7.644444e-06,58.60360518394054
5.546667e-05,5.244444e-06,8.355556e-06,57.98021734416463
5.546667e-05,5.244444e-06,9.066667e-06,57.40691078143023
5.546667e-05,5.244444e-06,9.777778e-06,56.87501171238222
6.115556e-05,2.4e-06,1.12e-05,58.7640051624283
6.115556e-05,2.4e-06,1.048889e-05,59.09690076606099
6.115556e-05,2.4e-06,4.8e-06,61.27284700188736
6.115556e-05,2.4e-06,5.511111e-06,60.64218175203238
6.115556e-05,2.4e-06,6.222222e-06,60.09309644739326
6.115556e-05,2.4e-06,6.933333e-06,59.60516035595656
6.115556e-05,2.4e-06,7.644444e-06,59.1644166066909
6.115556e-05,2.4e-06,8.355556e-06,58.76098565664297
6.115556e-05,2.4e-06,9.066667e-06,58.38766578693026
6.115556e-05,2.4e-06,9.777778e-06,58.03907600919668
6.115556e-05,2.755556e-06,1.12e-05,57.61655525608588
6.115556e-05,2.755556e-06,1.048889e-05,57.9826746418492
6.115556e-05,2.755556e-06,4.8e-06,60.95368238944697
6.115556e-05,2.755556e-06,5.511111e-06,60.25324605451167
6.115556e-05,2.755556e-06,6.222222e-06,59.64394985574445
6.115556e-05,2.755556e-06,6.933333e-06,59.10319487676628
6.115556e-05,2.755556e-06,7.644444e-06,58.61549996741248
6.115556e-05,2.755556e-06,8.355556e-06,58.16987756750412
6.115556e-05,2.755556e-06,9.066667e-06,57.75829788991405
6.115556e-05,2.755556e-06,9.777778e-06,57.37474646412983
6.115556e-05,3.111111e-06,1.12e-05,56.7417488819089
6.115556e-05,3.111111e-06,1.048889e-05,57.136559572298
6.115556e-05,3.111111e-06,4.8e-06,60.73274153882043
6.115556e-05,3.111111e-06,5.511111e-06,59.97443868173037
6.115556e-05,3.111111e-06,6.222222e-06,59.31532799687989
6.115556e-05,3.111111e-06,6.933333e-06,58.73095955708237
6.115556e-05,3.111111e-06,7.644444e-06,58.20455552213314
6.115556e-05,3.111111e-06,8.355556e-06,57.72418896967333
6.115556e-05,3.111111e-06,9.066667e-06,57.28113038606968
6.115556e-05,3.111111e-06,9.777778e-06,56.86883167700087
6.115556e-05,3.466667e-06,1.12e-05,56.05081003227616
6.115556e-05,3.466667e-06,1.048889e-05,56.47036581064114
6.115556e-05,3.466667e-06,4.8e-06,60.5660189127375
6.115556e-05,3.466667e-06,5.511111e-06,59.75842340971776
6.115556e-05,3.466667e-06,6.222222e-06,59.05701150639059
6.115556e-05,3.466667e-06,6.933333e-06,58.43570584961545
6.115556e-05,3.466667e-06,7.644444e-06,57.8765919502332
6.115556e-05,3.466667e-06,8.355556e-06,57.3669218893643
6.115556e-05,3.466667e-06,9.066667e-06,56.89735635881641
6.115556e-05,3.466667e-06,9.777778e-06,56.46088352747401
6.115556e-05,3.822222e-06,1.12e-05,55.48552135929749
6.115556e-05,3.822222e-06,1.048889e-05,55.92655848477605
6.115556e-05,3.822222e-06,4.8e-06,60.42949624920166
6.115556e-05,3.822222e-06,5.511111e-06,59.5789341810745
6.115556e-05,3.822222e-06,6.222222e-06,58.84076815265655
6.115556e-05,3.822222e-06,6.933333e-06,58.18745919165138
6.115556e-05,3.822222e-06,7.644444e-06,57.60007443057305
6.115556e-05,3.822222e-06,8.355556e-06,57.06513215495363
6.115556e-05,3.822222e-06,9.066667e-06,56.57274933142202
6.115556e-05,3.822222e-06,9.777778e-06,56.11550160735905
6.115556e-05,4.177778e-06,1.12e-05,55.00785948279647
6.115556e-05,4.177778e-06,1.048889e-05,55.46772787893034
6.115556e-05,4.177778e-06,4.8e-06,60.30991897898563
6.115556e-05,4.177778e-06,5.511111e-06,59.42119538983697
6.115556e-05,4.177778e-06,6.222222e-06,58.65048416202345
6.115556e-05,4.177778e-06,6.933333e-06,57.96891318963411
6.115556e-05,4.177778e-06,7.644444e-06,57.35662254848595
6.115556e-05,4.177778e-06,8.355556e-06,56.79946383560184
6.115556e-05,4.177778e-06,9.066667e-06,56.28706097911138
6.115556e-05,4.177778e-06,9.777778e-06,55.81161628172093
6.115556e-05,4.533333e-06,1.12e-05,54.59280665294057
6.115556e-05,4.533333e-06,1.048889e-05,55.06935899167063
6.115556e-05,4.533333e-06,4.8e-06,60.19989866119219
6.115556e-05,4.533333e-06,5.511111e-06,59.27677128570051
6.115556e-05,4.533333e-06,6.222222e-06,58.47679976495333
6.115556e-05,4.533333e-06,6.933333e-06,57.76988209388074
6.115556e-05,4.533333e-06,7.644444e-06,57.13530442957811
6.115556e-05,4.533333e-06,8.355556e-06,56.55830525940208
6.115556e-05,4.533333e-06,9.066667e-06,56.02805582150284
6.115556e-05,4.533333e-06,9.777778e-06,55.53641617145555
6.115556e-05,4.888889e-06,1.12e-05,54.25201745094802
6.115556e-05,4.888889e-06,1.048889e-05,54.7151659323641
6.115556e-05,4.888889e-06,4.8e-06,60.09529338164939
6.115556e-05,4.888889e-06,5.511111e-06,59.14078147692707
6.115556e-05,4.888889e-06,6.222222e-06,58.31418244623385
6.115556e-05,4.888889e-06,6.933333e-06,57.58424977763335
6.115556e-05,4.888889e-06,7.644444e-06,56.92947604332301
6.115556e-05,4.888889e-06,8.355556e-06,56.33453070219498
6.115556e-05,4.888889e-06,9.066667e-06,55.78816541197678
6.115556e-05,4.888889e-06,9.777778e-06,55.28192343414795
6.115556e-05,5.6e-06,1.12e-05,54.13873319682873
6.115556e-05,5.6e-06,1.048889e-05,54.50402635499911
6.115556e-05,5.6e-06,4.8e-06,59.89409150628656
6.115556e-05,5.6e-06,5.511111e-06,58.88386794028288
6.115556e-05,5.6e-06,6.222222e-06,58.0101470162341
6.115556e-05,5.6e-06,6.933333e-06,57.23960011679142
6.115556e-05,5.6e-06,7.644444e-06,56.54927844007191
6.115556e-05,5.6e-06,8.355556e-06,55.92281961845844
6.115556e-05,5.6e-06,9.066667e-06,55.34821572008635
6.115556e-05,5.6e-06,9.777778e-06,54.86372785016394
6.115556e-05,5.244444e-06,1.12e-05,54.19086714747707
6.115556e-05,5.244444e-06,1.048889e-05,54.54832000461733
6.115556e-05,5.244444e-06,4.8e-06,59.99378482452497
6.115556e-05,5.244444e-06,5.511111e-06,59.01037319629513
6.115556e-05,5.244444e-06,6.222222e-06,58.15930769023219
6.115556e-05,5.244444e-06,6.933333e-06,57.40826957507389
6.115556e-05,5.244444e-06,7.644444e-06,56.73500880129603
6.115556e-05,5.244444e-06,8.355556e-06,56.12366295218929
6.115556e-05,5.244444e-06,9.066667e-06,55.56259194928421
6.115556e-05,5.244444e-06,9.777778e-06,55.04304361875187
6.684444e-05,2.4e-06,1.12e-05,71.34410436488564
6.684444e-05,2.4e-06,1.048889e-05,71.7431986101641
6.684444e-05,2.4e-06,4.8e-06,71.38984082256381
6.684444e-05,2.4e-06,5.511111e-06,70.89798159369334
6.684444e-05,2.4e-06,6.222222e-06,70.4574528909666
6.684444e-05,2.4e-06,6.933333e-06,70.05624519137903
6.684444e-05,2.4e-06,7.644444e-06,69.68597676250188
6.684444e-05,2.4e-06,8.355556e-06,69.34060795615385
6.684444e-05,2.4e-06,9.066667e-06,69.01566983792428
6.684444e-05,2.4e-06,9.777778e-06,68.70778050540787
6.684444e-05,2.755556e-06,1.12e-05,68.86142113189274
6.684444e-05,2.755556e-06,1.048889e-05,69.27159869982363
6.684444e-05,2.755556e-06,4.8e-06,69.16467806934693
6.684444e-05,2.755556e-06,5.511111e-06,68.63134919684629
6.684444e-05,2.755556e-06,6.222222e-06,68.15755229813205
6.684444e-05,2.755556e-06,6.933333e-06,67.72894196459411
6.684444e-05,2.755556e-06,7.644444e-06,67.33561046786559
6.684444e-05,2.755556e-06,8.355556e-06,66.97048028320684
6.684444e-05,2.755556e-06,9.066667e-06,66.62835272736858
6.684444e-05,2.755556e-06,9.777778e-06,66.30531828841028
6.684444e-05,3.111111e-06,1.12e-05,66.65168094628021
6.684444e-05,3.111111e-06,1.048889e-05,67.0708479111256
6.684444e-05,3.111111e-06,4.8e-06,67.29836996128874
6.684444e-05,3.111111e-06,5.511111e-06,66.71789323272013
6.684444e-05,3.111111e-06,6.222222e-06,66.2061769142162
6.684444e-05,3.111111e-06,6.933333e-06,65.74632972690685
6.684444e-05,3.111111e-06,7.644444e-06,65.32675472805947
6.684444e-05,3.111111e-06,8.355556e-06,64.93921011833443
6.684444e-05,3.111111e-06,9.066667e-06,64.5776690915995
6.684444e-05,3.111111e-06,9.777778e-06,64.23761731498543
6.684444e-05,3.466667e-06,1.12e-05,64.69458133105655
6.684444e-05,3.466667e-06,1.048889e-05,65.12196135997824
6.684444e-05,3.466667e-06,4.8e-06,65.75171142711356
6.684444e-05,3.466667e-06,5.511111e-06,65.12070183489746
6.684444e-05,3.466667e-06,6.222222e-06,64.56800863594263
6.684444e-05,3.466667e-06,6.933333e-06,64.07419542480818
6.684444e-05,3.466667e-06,7.644444e-06,63.62595277709556
6.684444e-05,3.466667e-06,8.355556e-06,63.21384384403374
6.684444e-05,3.466667e-06,9.066667e-06,62.83098227160895
6.684444e-05,3.466667e-06,9.777778e-06,62.47221956281394
6.684444e-05,3.822222e-06,1.12e-05,62.96602300967611
6.684444e-05,3.822222e-06,1.048889e-05,63.4016518487154
6.684444e-05,3.822222e-06,4.8e-06,64.47635937006585
6.684444e-05,3.822222e-06,5.511111e-06,63.7938701719612
6.684444e-05,3.822222e-06,6.222222e-06,63.19905023225396
6.684444e-05,3.822222e-06,6.933333e-06,62.6700497183818
6.684444e-05,3.822222e-06,7.644444e-06,62.191917129472
6.684444e-05,3.822222e-06,8.355556e-06,61.75405808189642
6.684444e-05,3.822222e-06,9.066667e-06,61.34874593857216
6.684444e-05,3.822222e-06,9.777778e-06,60.97020694821102
6.684444e-05,4.177778e-06,1.12e-05,61.44098816213101
6.684444e-05,4.177778e-06,1.048889e-05,61.88530235978583
6.684444e-05,4.177778e-06,4.8e-06,63.42438268990956
6.684444e-05,4.177778e-06,5.511111e-06,62.69137251451432
6.684444e-05,4.177778e-06,6.222222e-06,62.0548668084434
6.684444e-05,4.177778e-06,6.933333e-06,61.49079441671623
6.684444e-05,4.177778e-06,7.644444e-06,60.98267985109566
6.684444e-05,4.177778e-06,8.355556e-06,60.51884621382025
6.684444e-05,4.177778e-06,9.066667e-06,60.09077547043718
6.684444e-05,4.177778e-06,9.777778e-06,59.69210108761605
6.684444e-05,4.533333e-06,1.12e-05,60.09512563453034
6.684444e-05,4.533333e-06,1.048889e-05,60.5484465064802
6.684444e-05,4.533333e-06,4.8e-06,62.55295450824562
6.684444e-05,4.533333e-06,5.511111e-06,61.77161703568581
6.684444e-05,4.533333e-06,6.222222e-06,61.09495922387205
6.684444e-05,4.533333e-06,6.933333e-06,60.49689526652212
6.684444e-05,4.533333e-06,7.644444e-06,59.95955938572774
6.684444e-05,4.533333e-06,8.355556e-06,59.47028176861333
6.684444e-05,4.533333e-06,9.066667e-06,59.01981478314013
6.684444e-05,4.533333e-06,9.777778e-06,58.60124276549644
6.684444e-05,4.888889e-06,1.12e-05,58.90548188656361
6.684444e-05,4.888889e-06,1.048889e-05,59.36852364138135
6.684444e-05,4.888889e-06,4.8e-06,61.82597218488494
6.684444e-05,4.888889e-06,5.511111e-06,60.99916746424085
6.684444e-05,4.888889e-06,6.222222e-06,60.28452619676668
6.684444e-05,4.888889e-06,6.933333e-06,59.65414475358602
6.684444e-05,4.888889e-06,7.644444e-06,59.08889809161815
6.684444e-05,4.888889e-06,8.355556e-06,58.5752138193563
6.684444e-05,4.888889e-06,9.066667e-06,58.10317881462799
6.684444e-05,4.888889e-06,9.777778e-06,57.66537488670266
6.684444e-05,5.6e-06,1.12e-05,57.4529281552266
6.684444e-05,5.6e-06,1.048889e-05,57.74261733452209
6.684444e-05,5.6e-06,4.8e-06,60.69365784963695
6.684444e-05,5.6e-06,5.511111e-06,59.78528370841979
6.684444e-05,5.6e-06,6.222222e-06,59.00211464843399
6.684444e-05,5.6e-06,6.933333e-06,58.3131180202064
6.684444e-05,5.6e-06,7.644444e-06,57.69699517794305
6.684444e-05,5.6e-06,8.355556e-06,57.13861165697337
6.684444e-05,5.6e-06,9.066667e-06,56.6268996052728
6.684444e-05,5.6e-06,9.777778e-06,56.15356664824224
6.684444e-05,5.244444e-06,1.12e-05,58.03884477212175
6.684444e-05,5.244444e-06,1.048889e-05,58.32477056829904
6.684444e-05,5.244444e-06,4.8e-06,61.21402974299806
6.684444e-05,5.244444e-06,5.511111e-06,60.34487857234797
6.684444e-05,5.244444e-06,6.222222e-06,59.59471320152443
6.684444e-05,5.244444e-06,6.933333e-06,58.9339887181016
6.684444e-05,5.244444e-06,7.644444e-06,58.34244053776248
6.684444e-05,5.244444e-06,8.355556e-06,57.80567774291438
6.684444e-05,5.244444e-06,9.066667e-06,57.31318243661831
6.684444e-05,5.244444e-06,9.777778e-06,56.85707881794833
7.253333e-05,2.4e-06,1.12e-05,82.491683819763
7.253333e-05,2.4e-06,1.048889e-05,82.98958264537079
7.253333e-05,2.4e-06,4.8e-06,85.09449012089884
7.253333e-05,2.4e-06,5.511111e-06,84.25935035957649
7.253333e-05,2.4e-06,6.222222e-06,83.53128733456802
7.253333e-05,2.4e-06,6.933333e-06,82.88549916552074
7.253333e-05,2.4e-06,7.644444e-06,82.30448899983928
7.253333e-05,2.4e-06,8.355556e-06,81.77554797415722
7.253333e-05,2.4e-06,9.066667e-06,81.28921318682762
7.253333e-05,2.4e-06,9.777778e-06,80.83828659677933
7.253333e-05,2.755556e-06,1.12e-05,80.0131929018295
7.253333e-05,2.755556e-06,1.048889e-05,80.54228232759031
7.253333e-05,2.755556e-06,4.8e-06,82.91895037309486
7.253333e-05,2.755556e-06,5.511111e-06,82.02846692222806
7.253333e-05,2.755556e-06,6.222222e-06,81.25219639841697
7.253333e-05,2.755556e-06,6.933333e-06,80.5639805594338
7.253333e-05,2.755556e-06,7.644444e-06,80.23508808950314
7.253333e-05,2.755556e-06,8.355556e-06,79.66449675860969
7.253333e-05,2.755556e-06,9.066667e-06,79.14072400930287
7.253333e-05,2.755556e-06,9.777778e-06,78.65589550235124
7.253333e-05,3.111111e-06,1.12e-05,77.68970678064426
7.253333e-05,3.111111e-06,1.048889e-05,78.24568947432546
7.253333e-05,3.111111e-06,4.8e-06,81.20629716718584
7.253333e-05,3.111111e-06,5.511111e-06,80.254936610864
7.253333e-05,3.111111e-06,6.222222e-06,79.42608920885283
7.253333e-05,3.111111e-06,6.933333e-06,78.69185772817663
7.253333e-05,3.111111e-06,7.644444e-06,78.03242465093776
7.253333e-05,3.111111e-06,8.355556e-06,77.43331513967665
7.253333e-05,3.111111e-06,9.066667e-06,76.88370184076119
7.253333e-05,3.111111e-06,9.777778e-06,76.37531704751565
7.253333e-05,3.466667e-06,1.12e-05,75.52587152639603
7.253333e-05,3.466667e-06,1.048889e-05,76.10487998928683
7.253333e-05,3.466667e-06,4.8e-06,79.28359973441344
7.253333e-05,3.466667e-06,5.511111e-06,78.29640160757815
7.253333e-05,3.466667e-06,6.222222e-06,77.43571671222085
7.253333e-05,3.466667e-06,6.933333e-06,76.67300700884496
7.253333e-05,3.466667e-06,7.644444e-06,75.98792483014655
7.253333e-05,3.466667e-06,8.355556e-06,75.36556394494998
7.253333e-05,3.466667e-06,9.066667e-06,74.79474697471909
7.253333e-05,3.466667e-06,9.777778e-06,74.26692132408287
7.253333e-05,3.822222e-06,1.12e-05,73.51922893526152
7.253333e-05,3.822222e-06,1.048889e-05,74.1178188060188
7.253333e-05,3.822222e-06,4.8e-06,77.48822614802852
7.253333e-05,3.822222e-06,5.511111e-06,76.47343274966866
7.253333e-05,3.822222e-06,6.222222e-06,75.58790572181596
7.253333e-05,3.822222e-06,6.933333e-06,74.8027274498945
7.253333e-05,3.822222e-06,7.644444e-06,74.09721587529569
7.253333e-05,3.822222e-06,8.355556e-06,73.45618133408007
7.253333e-05,3.822222e-06,9.066667e-06,72.8682096501102
7.253333e-05,3.822222e-06,9.777778e-06,72.3245511483831
7.253333e-05,4.177778e-06,1.12e-05,71.66322335249953
7.253333e-05,4.177778e-06,1.048889e-05,72.2783544862803
7.253333e-05,4.177778e-06,4.8e-06,75.81679475173526
7.253333e-05,4.177778e-06,5.511111e-06,74.78107735431327
7.253333e-05,4.177778e-06,6.222222e-06,73.87646475568191
7.253333e-05,4.177778e-06,6.933333e-06,73.07382536051931
7.253333e-05,4.177778e-06,7.644444e-06,72.35227632427954
7.253333e-05,4.177778e-06,8.355556e-06,71.69645048398881
7.253333e-05,4.177778e-06,9.066667e-06,71.09478070797533
7.253333e-05,4.177778e-06,9.777778e-06,70.53838691140578
7.253333e-05,4.533333e-06,1.12e-05,69.9490254815581
7.253333e-05,4.533333e-06,1.048889e-05,70.57803517054352
7.253333e-05,4.533333e-06,4.8e-06,74.26278747200791
7.253333e-05,4.533333e-06,5.511111e-06,73.21162188658626
7.253333e-05,4.533333e-06,6.222222e-06,72.29271346542595
7.253333e-05,4.533333e-06,6.933333e-06,71.47682307213458
7.253333e-05,4.533333e-06,7.644444e-06,70.74296000924588
7.253333e-05,4.533333e-06,8.355556e-06,70.07565684768909
7.253333e-05,4.533333e-06,9.066667e-06,69.46325659594133
7.253333e-05,4.533333e-06,9.777778e-06,68.89680010213874
7.253333e-05,4.888889e-06,1.12e-05,68.36669018339833
7.253333e-05,4.888889e-06,1.048889e-05,69.00726234156514
7.253333e-05,4.888889e-06,4.8e-06,72.8208218807295
7.253333e-05,4.888889e-06,5.511111e-06,71.75777839899635
7.253333e-05,4.888889e-06,6.222222e-06,70.82787602381806
7.253333e-05,4.888889e-06,6.933333e-06,70.00175426081196
7.253333e-05,4.888889e-06,7.644444e-06,69.25832868361664
7.253333e-05,4.888889e-06,8.355556e-06,68.58205526832008
7.253333e-05,4.888889e-06,9.066667e-06,67.96121271099786
7.253333e-05,4.888889e-06,9.777778e-06,67.38678710417955
7.253333e-05,5.6e-06,1.12e-05,65.66559549914024
7.253333e-05,5.6e-06,1.048889e-05,66.2144478731633
7.253333e-05,5.6e-06,4.8e-06,70.24804056947896
7.253333e-05,5.6e-06,5.511111e-06,69.16801304654601
7.253333e-05,5.6e-06,6.222222e-06,68.22272506990734
7.253333e-05,5.6e-06,6.933333e-06,67.38240437206937
7.253333e-05,5.6e-06,7.644444e-06,66.62572026364421
7.253333e-05,5.6e-06,8.355556e-06,65.93696807074627
7.253333e-05,5.6e-06,9.066667e-06,65.30431382190324
7.253333e-05,5.6e-06,9.777778e-06,64.71865987523059
7.253333e-05,5.244444e-06,1.12e-05,66.90590516295852
7.253333e-05,5.244444e-06,1.048889e-05,67.55603823656206
7.253333e-05,5.244444e-06,4.8e-06,71.48479950486448
7.253333e-05,5.244444e-06,5.511111e-06,70.41246624199574
7.253333e-05,5.244444e-06,6.222222e-06,69.4740463815283
7.253333e-05,5.244444e-06,6.933333e-06,68.64001327532881
7.253333e-05,5.244444e-06,7.644444e-06,67.88917809133193
7.253333e-05,5.244444e-06,8.355556e-06,67.20592454978846
7.253333e-05,5.244444e-06,9.066667e-06,66.57847758827211
7.253333e-05,5.244444e-06,9.777778e-06,65.99778118205109
7.822222e-05,2.4e-06,1.12e-05,91.79368923493364
7.822222e-05,2.4e-06,1.048889e-05,92.2946279663256
7.822222e-05,2.4e-06,4.8e-06,96.45258326799018
7.822222e-05,2.4e-06,5.511111e-06,95.1442728698492
7.822222e-05,2.4e-06,6.222222e-06,94.02711900930252
7.822222e-05,2.4e-06,6.933333e-06,93.05415801468872
7.822222e-05,2.4e-06,7.644444e-06,92.19291574102316
7.822222e-05,2.4e-06,8.355556e-06,91.42019924703568
7.822222e-05,2.4e-06,9.066667e-06,90.89966808739597
7.822222e-05,2.4e-06,9.777778e-06,90.42576264941044
7.822222e-05,2.755556e-06,1.12e-05,89.57103675605741
7.822222e-05,2.755556e-06,1.048889e-05,90.10832455042288
7.822222e-05,2.755556e-06,4.8e-06,93.68886296260315
7.822222e-05,2.755556e-06,5.511111e-06,92.29650545211528
7.822222e-05,2.755556e-06,6.222222e-06,91.29270630873222
7.822222e-05,2.755556e-06,6.933333e-06,90.5367479015714
7.822222e-05,2.755556e-06,7.644444e-06,90.04049045020707
7.822222e-05,2.755556e-06,8.355556e-06,89.42918799335222
7.822222e-05,2.755556e-06,9.066667e-06,88.87174988388097
7.822222e-05,2.755556e-06,9.777778e-06,88.35889413798442
7.822222e-05,3.111111e-06,1.12e-05,87.40937994674145
7.822222e-05,3.111111e-06,1.048889e-05,87.9797767822026
7.822222e-05,3.111111e-06,4.8e-06,91.53888799671071
7.822222e-05,3.111111e-06,5.511111e-06,90.45742642995631
7.822222e-05,3.111111e-06,6.222222e-06,89.52663852763767
7.822222e-05,3.111111e-06,6.933333e-06,88.71092334331264
7.822222e-05,3.111111e-06,7.644444e-06,87.98534276993944
7.822222e-05,3.111111e-06,8.355556e-06,87.3318821990919
7.822222e-05,3.111111e-06,9.066667e-06,86.73718701651391
7.822222e-05,3.111111e-06,9.777778e-06,86.19113564608847
7.822222e-05,3.466667e-06,1.12e-05,85.32331870820602
7.822222e-05,3.466667e-06,1.048889e-05,85.92374662567165
7.822222e-05,3.466667e-06,4.8e-06,89.78494833957093
7.822222e-05,3.466667e-06,5.511111e-06,88.63274643899659
7.822222e-05,3.466667e-06,6.222222e-06,87.64251443525553
7.822222e-05,3.466667e-06,6.933333e-06,86.77605849440702
7.822222e-05,3.466667e-06,7.644444e-06,86.00659008435049
7.822222e-05,3.466667e-06,8.355556e-06,85.31474045213149
7.822222e-05,3.466667e-06,9.066667e-06,84.68614181965849
7.822222e-05,3.466667e-06,9.777778e-06,84.10989961577602
7.822222e-05,3.822222e-06,1.12e-05,83.32086016770756
7.822222e-05,3.822222e-06,1.048889e-05,83.94842112110712
7.822222e-05,3.822222e-06,4.8e-06,88.09527442244912
7.822222e-05,3.822222e-06,5.511111e-06,86.87864065533141
7.822222e-05,3.822222e-06,6.222222e-06,85.8343132627249
7.822222e-05,3.822222e-06,6.933333e-06,84.92172446042096
7.822222e-05,3.822222e-06,7.644444e-06,84.11238868995571
7.822222e-05,3.822222e-06,8.355556e-06,83.38569442592532
7.822222e-05,3.822222e-06,9.066667e-06,82.72634392773674
7.822222e-05,3.822222e-06,9.777778e-06,82.12273326276721
7.822222e-05,4.177778e-06,1.12e-05,81.40593230243954
7.822222e-05,4.177778e-06,1.048889e-05,82.05792237055104
7.822222e-05,4.177778e-06,4.8e-06,86.4750312489441
7.822222e-05,4.177778e-06,5.511111e-06,85.19990699032608
7.822222e-05,4.177778e-06,6.222222e-06,84.10650827532798
7.822222e-05,4.177778e-06,6.933333e-06,83.15210485319591
7.822222e-05,4.177778e-06,7.644444e-06,82.30666204009023
7.822222e-05,4.177778e-06,8.355556e-06,81.54843268464778
7.822222e-05,4.177778e-06,9.066667e-06,80.86126894282525
7.822222e-05,4.177778e-06,9.777778e-06,80.2329184551998
7.822222e-05,4.533333e-06,1.12e-05,79.5798154547135
7.822222e-05,4.533333e-06,1.048889e-05,80.25373348255316
7.822222e-05,4.533333e-06,4.8e-06,84.92663607233395
7.822222e-05,4.533333e-06,5.511111e-06,83.59859242146095
7.822222e-05,4.533333e-06,6.222222e-06,82.46081749510053
7.822222e-05,4.533333e-06,6.933333e-06,81.46862306325329
7.822222e-05,4.533333e-06,7.644444e-06,80.5905679983989
7.822222e-05,4.533333e-06,8.355556e-06,79.80387261055297
7.822222e-05,4.533333e-06,9.066667e-06,79.09161556824557
7.822222e-05,4.533333e-06,9.777778e-06,78.44095437874566
7.822222e-05,4.888889e-06,1.12e-05,77.84201799079892
7.822222e-05,4.888889e-06,1.048889e-05,78.53556842235032
7.822222e-05,4.888889e-06,4.8e-06,83.45064717733266
7.822222e-05,4.888889e-06,5.511111e-06,82.07488396558155
7.822222e-05,4.888889e-06,6.222222e-06,80.89709850756876
7.822222e-05,4.888889e-06,6.933333e-06,79.87084184917674
7.822222e-05,4.888889e-06,7.644444e-06,78.96340374014065
7.822222e-05,4.888889e-06,8.355556e-06,78.1510708872884
7.822222e-05,4.888889e-06,9.066667e-06,77.41622177981398
7.822222e-05,4.888889e-06,9.777778e-06,76.74547939802925
7.822222e-05,5.6e-06,1.12e-05,74.62378643258603
7.822222e-05,5.6e-06,1.048889e-05,75.35052135389803
7.822222e-05,5.6e-06,4.8e-06,80.71209160858527
7.822222e-05,5.6e-06,5.511111e-06,79.25502309406438
7.822222e-05,5.6e-06,6.222222e-06,78.00902163091392
7.822222e-05,5.6e-06,6.933333e-06,76.92467634304168
7.822222e-05,5.6e-06,7.644444e-06,75.96712732544795
7.822222e-05,5.6e-06,8.355556e-06,75.1110731124395
7.822222e-05,5.6e-06,9.066667e-06,74.33769781188346
7.822222e-05,5.6e-06,9.777778e-06,73.6327109773085
7.822222e-05,5.244444e-06,1.12e-05,76.19084510157947
7.822222e-05,5.244444e-06,1.048889e-05,76.90193561449566
7.822222e-05,5.244444e-06,4.8e-06,82.0463385695152
7.822222e-05,5.244444e-06,5.511111e-06,80.62768738643398
7.822222e-05,5.244444e-06,6.222222e-06,79.41393190788325
7.822222e-05,5.244444e-06,6.933333e-06,78.35705185304427
7.822222e-05,5.244444e-06,7.644444e-06,77.42319944241265
7.822222e-05,5.244444e-06,8.355556e-06,76.58782233953931
7.822222e-05,5.244444e-06,9.066667e-06,75.83266871567312
7.822222e-05,5.244444e-06,9.777778e-06,75.14387985567774
8.96e-05,2.4e-06,1.12e-05,111.3031582467216
8.96e-05,2.4e-06,1.048889e-05,111.9322701594515
8.96e-05,2.4e-06,4.8e-06,113.6416041544538
8.96e-05,2.4e-06,5.511111e-06,113.1020417296196
8.96e-05,2.4e-06,6.222222e-06,112.6355786926773
8.96e-05,2.4e-06,6.933333e-06,112.2236206551282
8.96e-05,2.4e-06,7.644444e-06,111.8534798615119
8.96e-05,2.4e-06,8.355556e-06,111.4047744534698
8.96e-05,2.4e-06,9.066667e-06,110.7376167894292
8.96e-05,2.4e-06,9.777778e-06,110.128891914646
8.96e-05,2.755556e-06,1.12e-05,108.6847119258763
8.96e-05,2.755556e-06,1.048889e-05,109.3641243759806
8.96e-05,2.755556e-06,4.8e-06,112.9398728681442
8.96e-05,2.755556e-06,5.511111e-06,112.3700800556374
8.96e-05,2.755556e-06,6.222222e-06,111.5882742537642
8.96e-05,2.755556e-06,6.933333e-06,110.56843760231
8.96e-05,2.755556e-06,7.644444e-06,109.7924312708967
8.96e-05,2.755556e-06,8.355556e-06,108.9875836748198
8.96e-05,2.755556e-06,9.066667e-06,108.2610257015315
8.96e-05,2.755556e-06,9.777778e-06,107.598970691493
8.96e-05,3.111111e-06,1.12e-05,106.158288145817
8.96e-05,3.111111e-06,1.048889e-05,106.881591733176
8.96e-05,3.111111e-06,4.8e-06,112.2106690336892
8.96e-05,3.111111e-06,5.511111e-06,110.720403350328
8.96e-05,3.111111e-06,6.222222e-06,109.4530366884594
8.96e-05,3.111111e-06,6.933333e-06,108.354814424722
8.96e-05,3.111111e-06,7.644444e-06,107.3882698898122
8.96e-05,3.111111e-06,8.355556e-06,106.5264653135923
8.96e-05,3.111111e-06,9.066667e-06,105.7495192620949
8.96e-05,3.111111e-06,9.777778e-06,105.0424259776793
8.96e-05,3.466667e-06,1.12e-05,103.7373203891867
8.96e-05,3.466667e-06,1.048889e-05,104.498511382977
8.96e-05,3.466667e-06,4.8e-06,110.1952419647283
8.96e-05,3.466667e-06,5.511111e-06,108.6088303673756
8.96e-05,3.466667e-06,6.222222e-06,107.2620786964282
8.96e-05,3.466667e-06,6.933333e-06,106.0969804845387
8.96e-05,3.466667e-06,7.644444e-06,105.073133328653
8.96e-05,3.466667e-06,8.355556e-06,104.161512653844
8.96e-05,3.466667e-06,9.066667e-06,103.3407157315967
8.96e-05,3.466667e-06,9.777778e-06,102.5946030531282
8.96e-05,3.822222e-06,1.12e-05,101.4280199408762
8.96e-05,3.822222e-06,1.048889e-05,102.2215526748414
8.96e-05,3.822222e-06,4.8e-06,108.2418235290653
8.96e-05,3.822222e-06,5.511111e-06,106.5695549901169
8.96e-05,3.822222e-06,6.222222e-06,105.152527079958
8.96e-05,3.822222e-06,6.933333e-06,103.9286870652201
8.96e-05,3.822222e-06,7.644444e-06,102.8548594960042
8.96e-05,3.822222e-06,8.355556e-06,101.9000624119409
8.96e-05,3.822222e-06,9.066667e-06,101.0414754626019
8.96e-05,3.822222e-06,9.777778e-06,100.2619090907415
8.96e-05,4.177778e-06,1.12e-05,99.23216781200126
8.96e-05,4.177778e-06,1.048889e-05,100.0529848710911
8.96e-05,4.177778e-06,4.8e-06,106.3562353534282
8.96e-05,4.177778e-06,5.511111e-06,104.6077407895663
8.96e-05,4.177778e-06,6.222222e-06,103.128918329282
8.96e-05,4.177778e-06,6.933333e-06,101.8538737526711
8.96e-05,4.177778e-06,7.644444e-06,100.7368203093508
8.96e-05,4.177778e-06,8.355556e-06,99.74494684002173
8.96e-05,4.177778e-06,9.066667e-06,98.85411759550784
8.96e-05,4.177778e-06,9.777778e-06,98.10611160568834
8.96e-05,4.533333e-06,1.12e-05,97.7699901460696
8.96e-05,4.533333e-06,1.048889e-05,98.3920715861655
8.96e-05,4.533333e-06,4.8e-06,104.5415226415256
8.96e-05,4.533333e-06,5.511111e-06,102.7257492790635
8.96e-05,4.533333e-06,6.222222e-06,101.1929618908456
8.96e-05,4.533333e-06,6.933333e-06,99.8736303334988
8.96e-05,4.533333e-06,7.644444e-06,98.71951786704868
8.96e-05,4.533333e-06,8.355556e-06,97.96097875231524
8.96e-05,4.533333e-06,9.066667e-06,97.28884359923568
8.96e-05,4.533333e-06,9.777778e-06,96.67516963652172
8.96e-05,4.888889e-06,1.12e-05,96.39165614522042
8.96e-05,4.888889e-06,1.048889e-05,97.03763296065816
8.96e-05,4.888889e-06,4.8e-06,102.7988731559
8.96e-05,4.888889e-06,5.511111e-06,100.9240721763817
8.96e-05,4.888889e-06,6.222222e-06,99.34448869967748
8.96e-05,4.888889e-06,6.933333e-06,98.24986805919386
8.96e-05,4.888889e-06,7.644444e-06,97.38377369922968
8.96e-05,4.888889e-06,8.355556e-06,96.60906166723451
8.96e-05,4.888889e-06,9.066667e-06,95.90891573557715
8.96e-05,4.888889e-06,9.777778e-06,95.27054650230278
8.96e-05,5.6e-06,1.12e-05,93.71754109501292
8.96e-05,5.6e-06,1.048889e-05,94.407176270015
8.96e-05,5.6e-06,4.8e-06,99.52852806399756
8.96e-05,5.6e-06,5.511111e-06,98.0330872958306
8.96e-05,5.6e-06,6.222222e-06,96.8126926018334
8.96e-05,5.6e-06,6.933333e-06,95.75244473112022
8.96e-05,5.6e-06,7.644444e-06,94.81792468220402
8.96e-05,5.6e-06,8.355556e-06,93.98414505543788
8.96e-05,5.6e-06,9.066667e-06,93.23250799497175
8.96e-05,5.6e-06,9.777778e-06,92.54887233756452
8.96e-05,5.244444e-06,1.12e-05,95.04031498193066
8.96e-05,5.244444e-06,1.048889e-05,95.70879833451484
8.96e-05,5.244444e-06,4.8e-06,101.1281997183635
8.96e-05,5.244444e-06,5.511111e-06,99.20192795127932
8.96e-05,5.244444e-06,6.222222e-06,98.01034958821602
8.96e-05,5.244444e-06,6.933333e-06,96.98917872883682
8.96e-05,5.244444e-06,7.644444e-06,96.08796259150736
8.96e-05,5.244444e-06,8.355556e-06,95.28289660370886
8.96e-05,5.244444e-06,9.066667e-06,94.55626168636728
8.96e-05,5.244444e-06,9.777778e-06,93.89458268160011
8.391111e-05,2.4e-06,1.12e-05,101.9612814010733
8.391111e-05,2.4e-06,1.048889e-05,102.6309370779929
8.391111e-05,2.4e-06,4.8e-06,107.0649749115941
8.391111e-05,2.4e-06,5.511111e-06,105.7356812183908
8.391111e-05,2.4e-06,6.222222e-06,104.602907925061
8.391111e-05,2.4e-06,6.933333e-06,103.6187836771711
8.391111e-05,2.4e-06,7.644444e-06,102.750102701029
8.391111e-05,2.4e-06,8.355556e-06,101.9730820232171
8.391111e-05,2.4e-06,9.066667e-06,101.2702230182142
8.391111e-05,2.4e-06,9.777778e-06,100.6283520498356
8.391111e-05,2.755556e-06,1.12e-05,98.94084924386642
8.391111e-05,2.755556e-06,1.048889e-05,99.6558600362796
8.391111e-05,2.755556e-06,4.8e-06,104.5398977753413
8.391111e-05,2.755556e-06,5.511111e-06,103.100831280293
8.391111e-05,2.755556e-06,6.222222e-06,101.8768584055605
8.391111e-05,2.755556e-06,6.933333e-06,100.8153965652808
8.391111e-05,2.755556e-06,7.644444e-06,100.0379405127707
8.391111e-05,2.755556e-06,8.355556e-06,99.199599386851
8.391111e-05,2.755556e-06,9.066667e-06,98.44235292977596
8.391111e-05,2.755556e-06,9.777778e-06,97.75172452011896
8.391111e-05,3.111111e-06,1.12e-05,96.09870678277676
8.391111e-05,3.111111e-06,1.048889e-05,96.85069591004542
8.391111e-05,3.111111e-06,4.8e-06,102.2890071091059
8.391111e-05,3.111111e-06,5.511111e-06,100.7507231099813
8.391111e-05,3.111111e-06,6.222222e-06,99.44493691361504
8.391111e-05,3.111111e-06,6.933333e-06,98.31455752815675
8.391111e-05,3.111111e-06,7.644444e-06,97.32005118476653
8.391111e-05,3.111111e-06,8.355556e-06,96.4331566821688
8.391111e-05,3.111111e-06,9.066667e-06,95.63312159437304
8.391111e-05,3.111111e-06,9.777778e-06,94.97875751842967
8.391111e-05,3.466667e-06,1.12e-05,94.29249868306016
8.391111e-05,3.466667e-06,1.048889e-05,94.871288366991
8.391111e-05,3.466667e-06,4.8e-06,99.98257099466656
8.391111e-05,3.466667e-06,5.511111e-06,98.36434079557746
8.391111e-05,3.466667e-06,6.222222e-06,96.9934079615077
8.391111e-05,3.466667e-06,6.933333e-06,95.80872750525874
8.391111e-05,3.466667e-06,7.644444e-06,95.0144286178352
8.391111e-05,3.466667e-06,8.355556e-06,94.3374966701582
8.391111e-05,3.466667e-06,9.066667e-06,93.72286189426508
8.391111e-05,3.466667e-06,9.777778e-06,93.15980279869068
8.391111e-05,3.822222e-06,1.12e-05,92.536350478831
8.391111e-05,3.822222e-06,1.048889e-05,93.1442131800244
8.391111e-05,3.822222e-06,4.8e-06,97.80018369017412
8.391111e-05,3.822222e-06,5.511111e-06,96.11463614062184
8.391111e-05,3.822222e-06,6.222222e-06,95.034410989597
8.391111e-05,3.822222e-06,6.933333e-06,94.13443910844391
8.391111e-05,3.822222e-06,7.644444e-06,93.33711631984784
8.391111e-05,3.822222e-06,8.355556e-06,92.62195877062643
8.391111e-05,3.822222e-06,9.066667e-06,91.97376249821676
8.391111e-05,3.822222e-06,9.777778e-06,91.38099183851034
8.391111e-05,4.177778e-06,1.12e-05,90.82266851581385
8.391111e-05,4.177778e-06,1.048889e-05,91.45748644343968
8.391111e-05,4.177778e-06,4.8e-06,95.84390573071798
8.391111e-05,4.177778e-06,5.511111e-06,94.57359607695996
8.391111e-05,4.177778e-06,6.222222e-06,93.48600649639214
8.391111e-05,4.177778e-06,6.933333e-06,92.53809712753494
8.391111e-05,4.177778e-06,7.644444e-06,91.69965409626931
8.391111e-05,4.177778e-06,8.355556e-06,90.94881435560978
8.391111e-05,4.177778e-06,9.066667e-06,90.26934808696228
8.391111e-05,4.177778e-06,9.777778e-06,89.64894094794968
8.391111e-05,4.533333e-06,1.12e-05,89.15561599644523
8.391111e-05,4.533333e-06,1.048889e-05,89.81534264368297
8.391111e-05,4.533333e-06,4.8e-06,94.45111188647982
8.391111e-05,4.533333e-06,5.511111e-06,93.1167590722747
8.391111e-05,4.533333e-06,6.222222e-06,91.97601364070375
8.391111e-05,4.533333e-06,6.933333e-06,90.98324994894308
8.391111e-05,4.533333e-06,7.644444e-06,90.10642814145588
8.391111e-05,4.533333e-06,8.355556e-06,89.3223610207189
8.391111e-05,4.533333e-06,9.066667e-06,88.61383601024625
8.391111e-05,4.533333e-06,9.777778e-06,87.96779441938472
8.391111e-05,4.888889e-06,1.12e-05,87.53773312595976
8.391111e-05,4.888889e-06,1.048889e-05,88.22040175988194
8.391111e-05,4.888889e-06,4.8e-06,93.09246419856704
8.391111e-05,4.888889e-06,5.511111e-06,91.69792912325978
8.391111e-05,4.888889e-06,6.222222e-06,90.50739537174502
8.391111e-05,4.888889e-06,6.933333e-06,89.47274434667933
8.391111e-05,4.888889e-06,7.644444e-06,88.56017971733085
8.391111e-05,4.888889e-06,8.355556e-06,87.74524356939965
8.391111e-05,4.888889e-06,9.066667e-06,87.00978248328015
8.391111e-05,4.888889e-06,9.777778e-06,86.34002684050111
8.391111e-05,5.6e-06,1.12e-05,84.45430241449641
8.391111e-05,5.6e-06,1.048889e-05,85.17731003995117
8.391111e-05,5.6e-06,4.8e-06,90.48524896997836
8.391111e-05,5.6e-06,5.511111e-06,88.98133354440274
8.391111e-05,5.6e-06,6.222222e-06,87.7007825203774
8.391111e-05,5.6e-06,6.933333e-06,86.59076072316157
8.391111e-05,5.6e-06,7.644444e-06,85.61416107298804
8.391111e-05,5.6e-06,8.355556e-06,84.744139819069
8.391111e-05,5.6e-06,9.066667e-06,83.96078389690601
8.391111e-05,5.6e-06,9.777778e-06,83.24899906376004
8.391111e-05,5.244444e-06,1.12e-05,85.97042926855428
8.391111e-05,5.244444e-06,1.048889e-05,86.67416046048173
8.391111e-05,5.244444e-06,4.8e-06,91.77007412346344
8.391111e-05,5.244444e-06,5.511111e-06,90.31906913381248
8.391111e-05,5.244444e-06,6.222222e-06,89.08198017882025
8.391111e-05,5.244444e-06,6.933333e-06,88.00828607087067
8.391111e-05,5.244444e-06,7.644444e-06,87.06250183329239
8.391111e-05,5.244444e-06,8.355556e-06,86.21895103870169
8.391111e-05,5.244444e-06,9.066667e-06,85.45858038438583
8.391111e-05,5.244444e-06,9.777778e-06,84.7669419725737
